,title,price,location,sales
0,纽曼 M560,69.0,广东 深圳,3.0万+人收货
1,尼凯恩 EN3,69.0,广东 深圳,2.0万+人收货
2,华为,1099.0,广东 深圳,2.0万+人收货
3,Huawei,6399.0,广东 深圳,1.5万+人收货
4,vivo Z5x,1298.0,广东 东莞,1.0万+人收货
5,红米note8 4800,999.0,北京,1.0万+人收货
6,红米k30 ,1699.0,北京,1.0万+人收货
7,红米8A ,699.0,北京,1.0万+人收货
8,Huawei,4999.0,广东 深圳,1.0万+人收货
9,vivo Z5,1398.0,广东 东莞,1.0万+人收货
10,Huawei,1399.0,广东 深圳,1.0万+人收货
11,华为,1099.0,广东 深圳,1.0万+人收货
12,苹果 iPhone 11 ,5999.0,江苏 南京,1.0万+人收货
13,红米note8pro6400,1299.0,北京,1.0万+人收货
14,Huawei,2499.0,广东 深圳,9000+人收货
15,天语R7,68.9,广西 桂林,8500+人收货
16,Huawei,1799.0,广东 深圳,8500+人收货
17,华为,1699.0,广东 深圳,8500+人收货
18,vivo U3x,799.0,广东 东莞,8000+人收货
19,华为,2199.0,广东 深圳,8000+人收货
20,Huawei,3388.0,广东 深圳,8000+人收货
21,OPPO K5,1799.0,广东 东莞,8000+人收货
22,VOVG X27,358.0,广东 深圳,8000+人收货
23,Huawei,699.0,广东 深圳,7500+人收货
24,诺基亚,58.0,广东 深圳,7500+人收货
25,苹果 iPhone 7 Plus iPhone7,2160.0,广东 深圳,7500+人收货
26,纽曼 l6,59.0,广东 深圳,7500+人收货
27,红米k20 pro,2399.0,北京,7500+人收货
28,苹果 iPhone 7 Plus,1800.0,广东 深圳,7000+人收货
29,华为,3299.0,广东 深圳,7000+人收货
30,vjvj X21S,368.0,广东 深圳,7000+人收货
31,Huawei,3999.0,广东 深圳,6500+人收货
32,OPPO K3,1638.0,广东 东莞,6000+人收货
33,纽曼 L8S,58.0,广东 深圳,6000+人收货
34,YEPEN,49.0,广东 深圳,6000+人收货
35,华为,1199.0,广东 深圳,5500+人收货
36,通皓轩H5,39.0,广东 深圳,5500+人收货
37,vivo iQOO Neo 855,1998.0,广东 东莞,5000+人收货
38,苹果 Apple iPhone 11 ,4749.0,浙江 杭州,5000+人收货
39,小米CC9e 4800,1199.0,北京,5000+人收货
40,苹果 iPhone 8 Plus ,2600.0,广东 深圳,5000+人收货
41,苹果 iPhone 7 Plus,1650.0,上海,4969人收货
42,华为,1699.0,广东 深圳,4968人收货
44,小辣椒Q8,99.0,广东 深圳,2678人收货
45,小米CC9 4800,1699.0,北京,2657人收货
46,Xiaomi,948.0,广东 深圳,2580人收货
47,苹果 iPhone 7 Plus ,1800.0,广东 深圳,2511人收货
48,华为HONOR ,1099.0,广东 深圳,2500人收货
49,华为HONOR,1899.0,江苏 南京,2472人收货
50,苹果 iPhone XR ,3180.0,上海,2445人收货
51,苹果 iPhone7 Plus,1500.0,广东 深圳,2427人收货
52,Huawei,128.0,广东 深圳,2378人收货
53,苹果 iPhone 8 Plus ,2650.0,广东 深圳,2366人收货
54,苹果 iPhone 11 Pro Max ,10899.0,江苏 南京,2365人收货
55,苹果 iPhone 8 Plus ,1398.0,广东 深圳,2346人收货
56,苹果 iPhone 8 Plus ,2200.0,广东 深圳,2332人收货
57,小米,299.0,广东 深圳,2288人收货
59,小辣椒F6,89.0,广东 深圳,2249人收货
60,Samsung,1928.0,广东 深圳,2239人收货
61,纽曼 L660,109.0,江苏 南京,2219人收货
62,苹果 iPhone XS Max,3300.0,广东 深圳,2199人收货
63,诺基亚,69.0,广东 深圳,2198人收货
64,苹果 iPhone X,3500.0,广东 深圳,2195人收货
65,尼凯恩 EN3C,99.0,广东 深圳,2188人收货
66,华为HONOR ,1099.0,山东 济南,2177人收货
67,Meizu,2699.0,广东 珠海,2145人收货
68,华为  ,699.0,江苏 南京,2119人收货
69,红米8 5000mAh,749.0,北京,2107人收货
71,OPPOK5 6400,1799.0,江苏 南京,2102人收货
72,小辣椒K3,128.0,广东 深圳,2080人收货
73,vivo iQOO,2098.0,广东 东莞,2069人收货
75,华为honor,1099.0,广东 深圳,2054人收货
76,苹果 iPhone 8 Plus ,2100.0,广东 广州,2045人收货
77,OPPO A5 ,699.0,广东 东莞,2041人收货
78,诺基亚,105.0,广东 深圳,2035人收货
79,Xiaomi,2549.0,广东 深圳,2024人收货
80,Xiaomi,948.0,广东 深圳,2019人收货
81,Xiaomi,1298.0,广东 深圳,2015人收货
82,华为,999.0,广东 深圳,1986人收货
83,诺基亚,59.0,广东 深圳,1960人收货
84,苹果 iPhone 8 Plus,2150.0,广东 深圳,1949人收货
85,华为,2699.0,广东 深圳,1940人收货
86,meizu,2299.0,广东 珠海,1940人收货
87,Huawei,1799.0,广东 深圳,1935人收货
89,vivo S5,2698.0,广东 东莞,1877人收货
90,华为HONOR ,1099.0,山东 济南,1875人收货
91,纽曼R15,118.0,广东 深圳,1868人收货
93,vivo Z5x ,1298.0,江苏 南京,1849人收货
94,华为nova5,1388.0,广东 深圳,1819人收货
95,Nokia,129.0,北京,1814人收货
96,Huawei,749.0,北京,1804人收货
97,华为HONOR,2099.0,江苏 南京,1744人收货
98,红米k20pro ,2999.0,江苏 南京,1731人收货
99,诺基亚,158.0,广东 深圳,1722人收货
100,华为Mate30 Pro 5G,6399.0,江苏 南京,1721人收货
101,Xiaomi,1478.0,广东 深圳,1707人收货
102,华为honor,1099.0,江苏 南京,1702人收货
103,vivo U3,999.0,广东 东莞,1692人收货
104,华为nova 5 Pro,2699.0,江苏 南京,1689人收货
105,朵唯9X,489.0,广东 深圳,1631人收货
106,飞利浦 E183A,149.0,广东 深圳,1622人收货
108,Nokia,129.0,广东 深圳,1588人收货
109,苹果 iPhone 8 Plus ,1999.0,广东 深圳,1581人收货
110,苹果 iPhone XR ,3550.0,广东 深圳,1579人收货
111,小米,398.0,广东 深圳,1574人收货
112,华为,488.0,广东 深圳,1560人收货
113,苹果 iPhone X ,3550.0,广东 深圳,1559人收货
114,纽曼C5,58.0,广东 深圳,1556人收货
115,Huawei,4488.0,江苏 南京,1545人收货
116,vivo X27 ,2498.0,广东 东莞,1539人收货
118,苹果 iPhone 7 Plus,1820.0,广东 深圳,1528人收货
119,华为,1999.0,广东 深圳,1514人收货
120,苹果 iPhone 8 Plus,2110.0,广东 深圳,1503人收货
121,Huawei,1799.0,安徽 合肥,1490人收货
122,苹果 iPhone XS Max,2099.0,广东 深圳,1489人收货
123,Huawei,1199.0,安徽 合肥,1488人收货
124,vivo U3x,799.0,江苏 南京,1477人收货
125,苹果 iPhone 8 Plus,2100.0,广东 深圳,1474人收货
126,苹果 iPhone 11 Pro,9999.0,江苏 南京,1470人收货
127,诺基亚,158.0,广东 深圳,1450人收货
128,华为nova 5i ,1999.0,广东 深圳,1445人收货
129,苹果 iPhone 8 64G ,3488.0,江苏 南京,1428人收货
130,飞利浦E109C,79.0,广东 深圳,1419人收货
131,Huawei,1099.0,广东 深圳,1403人收货
132,苹果iPhone11ProMax,4699.0,广东 深圳,1395人收货
133,vivo iQOO Pro,2898.0,广东 东莞,1387人收货
134,华为,1599.0,广东 深圳,1352人收货
135,Huawei,3199.0,江苏 南京,1347人收货
136,索爱Z6,229.0,广东 深圳,1336人收货
137,Huawei,3388.0,江苏 南京,1335人收货
138,华为honor,899.0,江苏 南京,1318人收货
139,华为 Mate30 ,4999.0,江苏 南京,1301人收货
140,天语 R7C,98.0,广西 桂林,1284人收货
141,华为,899.0,广东 深圳,1283人收货
142,Huawei,799.0,广东 深圳,1276人收货
143,Nokia,50.0,广东 深圳,1273人收货
144,苹果 iPhone 11 ,5999.0,江苏 南京,1271人收货
145,Huawei,779.0,安徽 合肥,1265人收货
146,华为HONOR,1099.0,江苏 南京,1264人收货
147,华为nova5,1378.0,广东 深圳,1259人收货
148,朵唯D520,118.0,广东 深圳,1253人收货
149,红米note8pro6400,1299.0,北京,1252人收货
150,纽曼 L99S 4G,69.0,广东 深圳,1252人收货
151,华为honor,958.0,河南 郑州,1249人收货
153,纽曼S9,158.0,广东 深圳,1246人收货
155,华为mate30 5g ,3288.0,北京,1233人收货
156,苹果 iPhone XR iphonexr ,2780.0,江苏 南京,1232人收货
157,OPPO K3 ,1399.0,江苏 南京,1231人收货
158,纽曼 F6,109.0,广东 深圳,1218人收货
159,Xiaomi,2539.0,广东 深圳,1205人收货
161,纽曼U8,69.0,广东 深圳,1199人收货
162,苹果 iPhone XR ,1800.0,广东 深圳,1195人收货
163,华为mate305G,3288.0,广东 深圳,1190人收货
164,OPPO Reno2,2999.0,广东 东莞,1180人收货
165,苹果 iPhone 8 Plus,1620.0,上海,1171人收货
166,苹果 iPhone 8 Plus ,1399.0,广东 深圳,1161人收货
168,Xiaomi,2299.0,广东 深圳,1156人收货
169,苹果 iPhone XR,3500.0,广东 深圳,1154人收货
170,苹果 iPhone 8 Plus ,2200.0,广东 深圳,1153人收货
171,vivo Z5,1398.0,江苏 南京,1150人收货
172,vivo X27,2498.0,上海,1126人收货
173,Huawei,1299.0,广东 深圳,1117人收货
174,苹果 iPhone X ,2730.0,广东 深圳,1116人收货
175,苹果 iPhone 11 ,5088.0,山东 济南,1111人收货
176,Xiaomi,948.0,广东 深圳,1111人收货
177,诺基亚,139.0,广东 深圳,1107人收货
178,vivo Z5x,1198.0,广东 东莞,1107人收货
179,华为,749.0,广东 深圳,1102人收货
180,Nokia,129.0,广东 深圳,1100人收货
181,Xiaomi,3458.0,广东 深圳,1100人收货
182,Xiaomi,1298.0,广东 深圳,1099人收货
183,Huawei,2499.0,广东 深圳,1097人收货
184,Xiaomi,468.0,广东 深圳,1091人收货
185,纽曼V7 ,78.0,广东 深圳,1084人收货
187,Huawei,1099.0,广东 深圳,1078人收货
188,Huawei,1149.0,江苏 南京,1074人收货
189,苹果 iPhone 8plus ,2150.0,广东 深圳,1072人收货
190,华为,958.0,广东 深圳,1069人收货
191,Xiaomi,1298.0,广东 深圳,1062人收货
192,诺基亚,399.0,广东 深圳,1057人收货
193,苹果11 ,5258.0,浙江 杭州,1056人收货
194,一加七pro,2149.0,广东 深圳,1051人收货
195,苹果 iPhone XR iphonexr ,2710.0,北京,1045人收货
196,华为honor,1199.0,安徽 合肥,1043人收货
198,小辣椒K3,128.0,广东 深圳,1040人收货
199,华为Honor,1099.0,广东 深圳,1036人收货
200,小辣椒,389.0,广东 深圳,1029人收货
201,华为HONOR ,1699.0,山东 济南,1027人收货
202,苹果 iPhone XS Max,3380.0,广东 深圳,1022人收货
203,OPPO Reno Ace opporenoace,2999.0,广东 广州,1018人收货
204,小米,299.0,广东 深圳,1009人收货
205,OPPOReno Ace,2999.0,江苏 南京,1004人收货
207,Huawei,2199.0,广东 深圳,998人收货
208,华为,1099.0,广东 深圳,995人收货
209,Huawei,2499.0,辽宁 大连,993人收货
210,华为Mate30 ,3999.0,江苏 南京,993人收货
211,华为nova5z,1358.0,广东 深圳,989人收货
213,华为HONOR,599.0,江苏 南京,988人收货
214,小米vivo,399.0,广东 深圳,987人收货
216,Huawei,2699.0,广东 深圳,981人收货
217,小米vivo,489.0,广东 深圳,979人收货
219,华为honor,999.0,广东 深圳,964人收货
220,苹果 iPhone X ,2200.0,广东 深圳,955人收货
221,Huawei,125.0,广东 深圳,951人收货
222,苹果 iPhone XS Max,3300.0,广东 深圳,951人收货
223,纽曼 N99,58.0,广东 惠州,950人收货
224,苹果 iPhone X,3499.0,广东 深圳,950人收货
227,Huawei,1599.0,广东 深圳,943人收货
229,OPPO Reno Ace opporenoace,2999.0,上海,940人收货
230,Nokia,139.0,广东 深圳,926人收货
231,华为HONOR,1199.0,广东 深圳,924人收货
232,Samsung,1699.0,北京,922人收货
234,苹果iPhone 11 2019,5499.0,浙江 杭州,910人收货
235,Samsung,7999.0,北京,910人收货
236,朵唯P9,489.0,广东 深圳,900人收货
237,红米k30 ,1699.0,江苏 南京,898人收货
238,苹果 iPhone X  ,3600.0,广东 深圳,895人收货
239,苹果 iPhone 11 Pro Max,3550.0,上海,894人收货
240,Xiaomi,1099.0,山东 济南,890人收货
241,苹果 iPhone 8 Plus ,1399.0,广东 深圳,885人收货
242,OPPO R11,699.0,广东 深圳,874人收货
244,飞利浦E331K,98.0,广东 深圳,872人收货
245,华为,858.0,广东 深圳,867人收货
246,苹果 iPhone XR,3500.0,广东 深圳,866人收货
247,飞利浦 E163K ,119.0,江苏 南京,859人收货
248,华为honor,3028.0,广东 深圳,845人收货
250,vivo iQOO Neo 855,2598.0,广东 东莞,842人收货
251,OPPO K5 oppok5,1799.0,上海,841人收货
252,Huawei,1898.0,广东 深圳,837人收货
253,Huawei,2499.0,北京,829人收货
254,华为nova5,1368.0,广东 深圳,829人收货
255,华为honor,3038.0,广东 深圳,828人收货
256,Xiaomi,999.0,山东 济南,825人收货
258,华为honor,1599.0,广东 深圳,821人收货
259,红米k20pro,2399.0,北京,818人收货
260,vivo y67,260.0,广东 深圳,815人收货
261,Samsung,2458.0,上海,814人收货
263,华为nova5pro ,1388.0,广东 深圳,811人收货
264,华为nova5z,1369.0,河南 郑州,810人收货
266,华为 Mate 30 Pro 5G,6399.0,广东 深圳,800人收货
267,OPPO K5 oppok5,1799.0,山东 济南,800人收货
268,Meizu,1199.0,广东 珠海,798人收货
269,苹果 iPhone XS Max ,3668.0,广东 深圳,792人收货
270,vivo iQOO Neo,2198.0,江苏 南京,790人收货
271,纽曼 P20,899.0,广东 深圳,788人收货
272,华为,1228.0,广东 深圳,785人收货
273,天语 Q3 ,138.0,江苏 南京,784人收货
275,Huawei,2499.0,山东 济南,782人收货
277,vivo Z5,1398.0,山东 济南,780人收货
278,Xiaomi,2399.0,上海,776人收货
279,OPPO K3 oppok3,1399.0,上海,771人收货
280,Xiaomi,659.0,山东 济南,765人收货
281,Meizu,898.0,广东 珠海,752人收货
282,vivo iQOO Neo ,2098.0,广东 东莞,750人收货
285,华为,898.0,广东 深圳,749人收货
286,vivo Z5X ,1298.0,上海,745人收货
287,朵唯W88 ,78.0,广东 深圳,745人收货
288,Huawei,3999.0,广东 深圳,737人收货
289,Meizu,1098.0,广东 珠海,736人收货
290,vivo Z5,1398.0,广东 东莞,734人收货
291,天语 T2,79.0,江苏 南京,733人收货
294,vivo iQOO Pro 5G,3198.0,广东 东莞,729人收货
295,华为HONOR ,699.0,广东 深圳,722人收货
296,Huawei,3388.0,广东 深圳,722人收货
297,华为honor,868.0,广东 深圳,721人收货
298,vivo Z1i,1099.0,广东 东莞,719人收货
299,YEPEN,118.0,广东 深圳,718人收货
301,华为,799.0,广东 深圳,712人收货
302,天语X27,399.0,广东 深圳,711人收货
303,华为mate30Pro,3288.0,北京,707人收货
304,Xiaomi,799.0,广东 深圳,703人收货
305,朵唯,299.0,广东 深圳,702人收货
306,vivo NEX 3 5G,5698.0,广东 东莞,700人收货
307,苹果 iPhone 8 Plus 64G ,4388.0,江苏 南京,698人收货
308,Xiaomi,1448.0,广东 深圳,696人收货
309,OPPO Reno opporeno,2499.0,广东 东莞,695人收货
310,华为honor,858.0,广东 深圳,692人收货
311,纽曼P20,899.0,广东 深圳,684人收货
312,Xiaomi,918.0,广东 深圳,684人收货
313,苹果 iPhone XR,3500.0,广东 深圳,680人收货
314,华为,958.0,广东 深圳,676人收货
315,华为HONOR,3299.0,江苏 南京,673人收货
316,飞利浦 E108 ,79.0,上海,672人收货
317,OPPO Reno Ace opporenoace,2999.0,山东 济南,672人收货
318,华为honor,3028.0,广东 深圳,670人收货
319,Huawei,3388.0,广东 深圳,669人收货
320,纽曼L520,148.0,广东 深圳,669人收货
321,OPPO K5 oppok5,1799.0,上海,667人收货
322,苹果 iPhone XR,3450.0,上海,663人收货
323,华为HONOR,868.0,山东 济南,662人收货
324,小米,398.0,广东 深圳,661人收货
325,Xiaomi,469.0,上海,660人收货
327,OPPO Reno opporeno,1999.0,上海,656人收货
328,小米CC9,1999.0,北京,655人收货
329,索爱 ,89.0,广东 深圳,655人收货
330,小辣椒 R17,389.0,广东 深圳,654人收货
332,华为HUAWEI HUAWEI Mate 30 Pro 5G ,3418.0,浙江 杭州,648人收货
333,华为C2829,25.0,广东 深圳,645人收货
334,Huawei,748.0,广东 深圳,645人收货
335,苹果 iPhone XR,2780.0,广东 深圳,643人收货
336,Huawei,999.0,广东 深圳,643人收货
337,华为honor,1699.0,广东 深圳,643人收货
339,苹果 iPhone X ,2380.0,广东 深圳,641人收货
340,苹果 iPhone XS Max,3550.0,广东 深圳,641人收货
341,红米8A ,699.0,北京,637人收货
342,华为,898.0,广东 深圳,637人收货
344,华为 Mate 30 5G,4999.0,广东 深圳,629人收货
345,华为HONOR ,1599.0,山东 济南,627人收货
346,苹果 iPhone 8 Plus ,2700.0,广东 深圳,627人收货
347,华为HONOR,1699.0,广东 深圳,626人收货
348,诺基亚,168.0,广东 深圳,625人收货
349,OPPO Reno2 Z,2299.0,广东 东莞,624人收货
350,Xiaomi,918.0,广东 深圳,624人收货
351,华为HUAWEI HUAWEI P30 PRO,2678.0,广东 深圳,623人收货
354,小辣椒P60,499.0,广东 深圳,617人收货
357,苹果 iPhone 8 128G ,3999.0,江苏 南京,615人收货
358,vivo y67,358.0,广东 深圳,614人收货
359,诺基亚,178.0,广东 深圳,613人收货
360,华为,1999.0,广东 深圳,611人收货
361,OPPO A11 ,1299.0,广东 东莞,609人收货
362,Huawei,1799.0,广东 深圳,604人收货
364,飞利浦 E107 ,79.0,江苏 南京,601人收货
365,Samsung,1599.0,广东 深圳,598人收货
366,华为HONOR,1099.0,广东 深圳,595人收货
367,OPPO A5,699.0,广东 深圳,595人收货
368,Huawei,300.0,广东 深圳,592人收货
369,vivo Z5x,1298.0,广东 东莞,591人收货
370,vivo y67,328.0,广东 深圳,587人收货
371,vivo iQOO Pro 5G,3498.0,江苏 南京,585人收货
372,华为HONO ,2699.0,山东 济南,582人收货
374,vivo z5,1398.0,上海,581人收货
375,Xiaomi,1468.0,广东 深圳,580人收货
376,天语Q3,98.0,广西 桂林,579人收货
377,华为,3408.0,浙江 杭州,575人收货
378,Samsung,1280.0,上海,573人收货
379,华为honor,519.0,广东 深圳,572人收货
380,Huawei,1118.0,浙江 杭州,570人收货
381,华为mate30 5G ,3418.0,广东 深圳,570人收货
382,华为mate305G HUAWEI HUAWEI Mate 30 Pro 5G,3428.0,广东 深圳,565人收货
383,Huawei,1199.0,安徽 合肥,563人收货
385,Huawei,838.0,浙江 杭州,559人收货
386,苹果 iPhone 8 Plus ,1118.0,广东 深圳,558人收货
387,诺基亚,118.0,广东 东莞,554人收货
389,华为HONOR ,2199.0,山东 济南,551人收货
390,诺基亚2610,36.0,广东 深圳,551人收货
391,苹果 iPhone XS Max,3170.0,广东 深圳,545人收货
392,Huawei,2599.0,广东 深圳,543人收货
393,Xiaomi,2499.0,山东 济南,541人收货
394,Huawei,2499.0,上海,539人收货
395,华为mate30,3388.0,广东 深圳,536人收货
397,朵唯A55,399.0,广东 深圳,534人收货
398,苹果iPhone 11,5299.0,湖北 武汉,533人收货
399,苹果 iPhone XR,3550.0,广东 深圳,532人收货
400,Huawei,6399.0,山东 济南,532人收货
401,苹果 iPhone 8,2350.0,广东 深圳,532人收货
402,iPhone 6splus ,850.0,广东 深圳,532人收货
403,vivo X27,2498.0,广东 东莞,531人收货
404,Xiaomi,209.0,广东 深圳,531人收货
405,Xiaomi,799.0,广东 深圳,530人收货
406,vivo S1Pro3200,1698.0,广东 东莞,528人收货
407,Nokia,29.0,广东 深圳,524人收货
408,苹果 iPhone 11Pro Max ,3465.0,广东 深圳,524人收货
409,华为,899.0,广东 深圳,522人收货
410,Huawei,1799.0,安徽 合肥,521人收货
411,YEPEN,99.0,广东 深圳,520人收货
412,华为HONOR,2699.0,上海,520人收货
413,Huawei,1449.0,广东 深圳,514人收货
414,华为,1399.0,江苏 南京,513人收货
415,Xiaomi,1169.0,广东 深圳,510人收货
416,华为honor,699.0,广东 深圳,504人收货
417,苹果 iPhone XR ,2398.0,上海,503人收货
418,Xiaomi,528.0,广东 深圳,503人收货
419,Huawei,1599.0,广东 深圳,503人收货
420,Samsung,49.0,广东 深圳,501人收货
422,Xiaomi,478.0,广东 深圳,499人收货
423,OPPO A5 ,899.0,广东 东莞,499人收货
425,诺基亚,208.0,广东 深圳,497人收货
426,Huawei,6399.0,浙江 杭州,497人收货
427,vivo Z5 ,1398.0,上海,496人收货
428,Meizu,2098.0,广东 珠海,496人收货
429,苹果 iPhone 8 Plus,1850.0,广东 深圳,494人收货
430,华为,1699.0,广东 深圳,494人收货
431,Nokia,119.0,广东 深圳,494人收货
432,Meizu,213.0,广东 深圳,493人收货
433,小米9,2449.0,山东 济南,491人收货
434,苹果 iPhone XR 64G,4799.0,江苏 南京,489人收货
435,Xiaomi,999.0,上海,485人收货
436,红米7A,579.0,北京,485人收货
437,OPPO A57,342.0,广东 深圳,485人收货
438,苹果11 Apple,5249.0,广东 广州,485人收货
439,vivo,598.0,广东 深圳,482人收货
440,华为nova5,1378.0,广东 深圳,481人收货
441,Samsung,1888.0,上海,480人收货
442,Meizu,195.0,广东 深圳,479人收货
443,苹果 iPhone 11,5088.0,浙江 杭州,478人收货
444,Nokia,48.0,广东 深圳,477人收货
445,Xiaomi,928.0,广东 深圳,477人收货
446,一加七 8 1,1729.0,广东 深圳,477人收货
447,苹果 iPhone 11,4888.0,广东 深圳,476人收货
448,华为 Mate 30 5G,4999.0,山东 济南,475人收货
449,苹果 iPhone 8 ,3499.0,江苏 南京,474人收货
450,Huawei,1938.0,河南 郑州,474人收货
451,苹果 iPhone 11 Pro Max,3598.0,广东 深圳,473人收货
452,华为honor,999.0,广东 深圳,471人收货
453,OPPO K5 oppok5,1799.0,湖北 武汉,471人收货
454,苹果iPhone 11 ,5048.0,上海,469人收货
455,Huawei,3388.0,安徽 合肥,469人收货
456,小米CC9 Pro 1,2799.0,江苏 南京,467人收货
457,华为,1699.0,广东 深圳,466人收货
458,小米8,1138.0,广东 惠州,466人收货
459,Xiaomi,2098.0,广东 深圳,465人收货
460,苹果 iPhone XR ,3500.0,广东 深圳,465人收货
461,华为,899.0,江苏 南京,465人收货
462,Xiaomi,2299.0,广东 深圳,465人收货
463,vivo iQOOPro5G,3498.0,上海,465人收货
464,小米CC9e4800,1199.0,北京,464人收货
465,华为HONOR,1199.0,上海,464人收货
466,OPPO Reno Ace,2999.0,广东 广州,462人收货
468,Meizu,235.0,广东 深圳,458人收货
469,Xiaomi,649.0,浙江 杭州,458人收货
470,华为,1099.0,广东 深圳,458人收货
471,Xiaomi,1099.0,山东 济南,456人收货
473,苹果 iPhone 11 Pro max,3529.0,上海,455人收货
474,Samsung,2998.0,广东 深圳,453人收货
475,苹果 iPhone XS Max,2100.0,广东 深圳,453人收货
476,小辣椒,358.0,广东 深圳,452人收货
477,Xiaomi,2339.0,广东 深圳,452人收货
478,华为honor,1099.0,广东 深圳,450人收货
479,华为nova6,2048.0,广东 深圳,448人收货
480,Huawei,295.0,广东 深圳,447人收货
481,Xiaomi,1169.0,河南 郑州,445人收货
482,一加七 ,2149.0,广东 深圳,444人收货
483,苹果 iPhone XS Max ,1440.0,广东 深圳,444人收货
484,朵唯X11 Pro,699.0,广东 深圳,443人收货
485,OPPO R17,1368.0,浙江 杭州,442人收货
486,vivo iQOO Neo 855,2198.0,广东 东莞,440人收货
487,华为honor,528.0,广东 深圳,440人收货
488,苹果 iPhone 11 Pro Max,4950.0,天津,439人收货
489,小米CC9 ,1499.0,江苏 南京,439人收货
490,OPPO Reno Ace opporenoace,2999.0,上海,436人收货
491,华为HONOR,2699.0,江苏 南京,435人收货
492,OPPO A5 oppoa5,699.0,上海,435人收货
493,vivo Z5,1398.0,广东 东莞,434人收货
494,OPPO K5 oppok5,1799.0,浙江 杭州,434人收货
495,飞利浦 E212A,259.0,江苏 南京,434人收货
496,华为,1199.0,广东 深圳,434人收货
498,华为HONOR,1099.0,山东 济南,433人收货
499,苹果 iPhone 8 Plus ,1998.0,广东 深圳,433人收货
500,Huawei,1129.0,北京,433人收货
501,小米9pro5g,3598.0,广东 深圳,433人收货
503,OPPO A5 3,699.0,江苏 南京,432人收货
505,华为HONOR,1099.0,江苏 南京,430人收货
506,苹果 iPhone 11 Pro Max,3529.0,上海,428人收货
507,苹果 iPhone 8 Plus ,2450.0,广东 深圳,428人收货
508,vivo iQOO ,2098.0,江苏 南京,428人收货
509,OPPO K5,1599.0,广东 东莞,427人收货
510,Huawei,6399.0,上海,426人收货
511,华为HONOR ,879.0,山东 济南,425人收货
512,华为honor,1218.0,广东 深圳,424人收货
515,华为 Mate 30 Pro 5G,6399.0,广东 深圳,422人收货
516,天语 X71,68.0,江苏 南京,422人收货
517,Xiaomi,528.0,广东 深圳,422人收货
518,Nokia,379.0,北京,421人收货
519,OPPO Reno Ace opporenoace,2999.0,上海,421人收货
521,Xiaomi,2088.0,广东 深圳,420人收货
523,OPPO K5 oppok5,1799.0,上海,416人收货
524,vivo X9S,678.0,广东 深圳,416人收货
525,Huawei,2099.0,江苏 南京,416人收货
526,小辣椒P60,499.0,广东 深圳,414人收货
527,朵唯,299.0,广东 深圳,413人收货
528,纽曼 L66,59.0,北京,412人收货
530,苹果 iPhone XS Max ,1500.0,广东 深圳,412人收货
531,飞利浦 E107,99.0,广东 深圳,412人收货
532,vivo iQOO Pro 5G,3498.0,上海,411人收货
533,苹果 iPhone XS Max ,3400.0,广东 深圳,411人收货
536,vivo iQOO Neo855,1998.0,上海,409人收货
538,华为Mate20 pro,1899.0,四川 成都,408人收货
540,Xiaomi,999.0,山东 济南,408人收货
541,华为honor,878.0,广东 深圳,407人收货
542,vivo X27,2498.0,浙江 杭州,405人收货
543,华为HONOR,2199.0,山东 济南,405人收货
544,苹果 iPhone 8 Plus,2398.0,广东 深圳,402人收货
545,Meizu,2299.0,江苏 南京,402人收货
546,Xiaomi,218.0,广东 深圳,401人收货
547,华为mate30 5G HUAWEI HUAWEI Mate 30 Pro,3428.0,广东 深圳,400人收货
549,飞利浦 E186A ,139.0,江苏 南京,399人收货
550,Xiaomi,699.0,山东 济南,399人收货
551,华为honor,1689.0,广东 深圳,398人收货
552,苹果 iPhone 8 Plus,2200.0,广东 深圳,397人收货
553,纽曼P308,398.0,广东 深圳,397人收货
554,苹果 iPhone 7 Plus,1680.0,广东 深圳,397人收货
555,vivox27,2498.0,上海,397人收货
556,Xiaomi,3448.0,广东 深圳,396人收货
558,苹果 iPhone XSMax ,1800.0,广东 深圳,394人收货
559,Xiaomi,1219.0,上海,393人收货
561,苹果 iPhone XS Max,3108.0,广东 深圳,391人收货
562,OPPO Reno Ace,3799.0,广东 东莞,391人收货
563,华为,55.0,广东 深圳,391人收货
564,飞利浦4G,159.0,广东 深圳,390人收货
565,OPPO K3,1399.0,浙江 杭州,390人收货
566,vivo Z5X,1298.0,江苏 南京,390人收货
567,vivo X20,1198.0,广东 深圳,389人收货
568,Huawei,4488.0,山东 济南,386人收货
569,华为HONOR ,799.0,山东 济南,386人收货
570,Nokia,98.0,广东 广州,386人收货
571,Meizu,1499.0,广东 珠海,386人收货
572,纽曼V998,198.0,广东 深圳,386人收货
574,小米Redmi Note8 Pro,1099.0,浙江 杭州,384人收货
575,Meizu,1018.0,河南 郑州,384人收货
576,红米K30,1599.0,山东 济南,384人收货
577,华为honor,848.0,广东 深圳,382人收货
579,诺基亚,118.0,广东 广州,379人收货
580,华为,1208.0,广东 深圳,378人收货
581,小辣椒,358.0,广东 深圳,377人收货
582,苹果 iPhone 8 Plus ,2080.0,广东 深圳,376人收货
584,Huawei,1098.0,广东 深圳,375人收货
585,华为honor,1099.0,上海,374人收货
586,Xiaomi,1458.0,广东 深圳,374人收货
587,vivo iQOO Pro 5G,3498.0,北京,373人收货
588,Xiaomi,899.0,广东 深圳,373人收货
589,OPPO K5oppok5,1799.0,广东 广州,372人收货
590,Huawei,699.0,山东 济南,370人收货
592,Nokia,139.0,江苏 南京,369人收货
593,华为HONOR,1099.0,上海,368人收货
595,vivo iQOO Pro 5G,3498.0,广东 深圳,368人收货
596,Huawei,449.0,北京,368人收货
597,vivo iQOO Pro 5G,3498.0,浙江 杭州,368人收货
599,华为HONOR,1999.0,江苏 南京,367人收货
600,OPPO R11,679.0,广东 广州,367人收货
601,纽曼 Q99,63.0,广东 深圳,366人收货
602,华为,1658.0,广东 深圳,364人收货
603,苹果 iPhone 8 Plus ,4449.0,江苏 南京,363人收货
604,天语 T9,169.0,江苏 南京,363人收货
606,小米9pro5g,3699.0,上海,359人收货
607,飞利浦,226.0,江苏 南京,358人收货
608,Huawei,5799.0,上海,358人收货
609,vivo U3x,899.0,广东 深圳,357人收货
610,OPPO A11 ,1599.0,广东 东莞,356人收货
612,华为v30i,1658.0,广东 深圳,355人收货
615,苹果 iPhone X ,3650.0,广东 深圳,354人收货
616,诺基亚,88.0,广东 深圳,354人收货
617,华为nova6,2038.0,广东 深圳,353人收货
618,vivo U3x ,599.0,广东 深圳,353人收货
619,索爱SA,158.0,广东 深圳,352人收货
620,通皓轩,69.0,广东 深圳,352人收货
621,红米note8pro Xiaomi,1089.0,广东 深圳,352人收货
622,Huawei,799.0,广东 深圳,351人收货
623,Samsung,3999.0,北京,351人收货
625,华为nova5z,1248.0,广东 深圳,350人收货
626,华为,1099.0,广东 深圳,350人收货
627,飞利浦 E163K ,119.0,上海,350人收货
628,苹果 iPhone 11 Pro MAX 2019,9599.0,浙江 杭州,350人收货
630,通皓轩,89.0,广东 深圳,348人收货
631,vivo iQOO Pro 5G vivoiqoopro vivoiqoo vivoneo855 x21 vivox27 vivo,3498.0,上海,348人收货
632,Meizu,210.0,广东 深圳,347人收货
633,Xiaomi,748.0,广东 深圳,347人收货
634,苹果 iPhone XS Max,1950.0,广东 深圳,347人收货
635,一加七pro,1719.0,广东 深圳,346人收货
636,纽曼V7,78.0,广东 深圳,346人收货
637,Huawei,3388.0,广东 深圳,346人收货
638,华为HONOR,2299.0,广东 深圳,345人收货
639,华为HUAWEI HUAWEI P30Pro,2678.0,广东 深圳,345人收货
640,vivoz5x ,1298.0,山东 济南,345人收货
641,Xiaomi,1999.0,广东 深圳,344人收货
642,vivo U3,1199.0,江苏 南京,344人收货
643,Meizu,1898.0,广东 珠海,343人收货
644,华为honor,799.0,江苏 南京,343人收货
645,Meizu,230.0,广东 深圳,342人收货
646,华为,688.0,广东 深圳,342人收货
648,华为,383.0,广东 深圳,340人收货
649,Meizu,290.0,广东 深圳,340人收货
650,Huawei,125.0,广东 深圳,340人收货
652,苹果 iPhone XR ,2388.0,广东 深圳,339人收货
653,Huawei,3388.0,北京,339人收货
654,苹果 iPhone 8 Plus,1700.0,上海,339人收货
655,苹果 iPhone XS Max ,3650.0,广东 深圳,338人收货
656,Huawei,1388.0,上海,338人收货
657,苹果 iPhone XS Max,3150.0,广东 深圳,336人收货
658,华为nova5,1999.0,广东 深圳,336人收货
659,飞利浦E517 ,239.0,北京,335人收货
665,Xiaomi,528.0,广东 深圳,333人收货
666,vivo iQOO Neo 855,2298.0,北京,333人收货
667,Samsung,1799.0,北京,332人收货
668,华为,888.0,广东 深圳,332人收货
669,华为,2199.0,广东 深圳,331人收货
670,Xiaomi,1308.0,广东 深圳,330人收货
671,OPPO Reno Ace opporenoace,2999.0,浙江 杭州,329人收货
672,诺基亚,108.0,广东 汕头,326人收货
673,Huawei,669.0,浙江 杭州,326人收货
675,小辣椒,599.0,广东 广州,325人收货
678,Xiaomi,938.0,广东 深圳,324人收货
680,华为p30proHUAWEI HUAWEI P30 PRO,2668.0,广东 深圳,323人收货
681,Nokia,139.0,广东 深圳,323人收货
683,红米note8 4800,999.0,北京,322人收货
684,Xiaomi,1069.0,山东 济南,322人收货
686,小米,399.0,广东 深圳,322人收货
687,Meizu,193.0,广东 深圳,321人收货
688,Huawei,4999.0,广东 深圳,321人收货
689,华为honor,958.0,广东 深圳,319人收货
690,华为mate30pro HUAWEI Mate 30 Pro 5g,3428.0,广东 深圳,319人收货
691,苹果 iPhone XS Max ,2100.0,广东 深圳,319人收货
692,OPPO Reno Ace,2999.0,上海,319人收货
693,Xiaomi,1599.0,上海,319人收货
694,Huawei,3388.0,山东 济南,318人收货
695,vivo y67,375.0,广东 深圳,317人收货
696,OPPO Reno2 opporeno2,2999.0,上海,317人收货
697,OPPO A11 oppoa11,1299.0,北京,316人收货
698,vivo iQOO NEO 855,1998.0,山东 济南,316人收货
699,Huawei,809.0,浙江 杭州,315人收货
700,飞利浦 E280,289.0,江苏 南京,315人收货
701,Xiaomi,1429.0,浙江 杭州,314人收货
702,vivo iQOO Pro 5G,3498.0,广东 东莞,314人收货
703,Huawei,1799.0,安徽 合肥,314人收货
704,诺基亚,99.0,广东 深圳,314人收货
705,Xiaomi,999.0,上海,313人收货
706,飞利浦E218L,279.0,江苏 南京,313人收货
707,苹果 Apple iPhone 11 pro Max ,10899.0,浙江 杭州,313人收货
708,Huawei,3388.0,上海,313人收货
709,诺基亚,138.0,广东 深圳,312人收货
710,vivo U3x ,669.0,广东 深圳,312人收货
711,Nokia,52.9,上海,312人收货
712,vivo iQOO NEO 855,1998.0,上海,311人收货
714,Xiaomi,829.0,江苏 常州,310人收货
717,Xiaomi,799.0,广东 深圳,306人收货
718,Huawei,869.0,山东 济南,306人收货
719,朵唯V31,269.0,广东 深圳,306人收货
721,苹果 iPhone XR ,2398.0,广东 深圳,305人收货
722,华为,858.0,广东 深圳,304人收货
724,Huawei,1899.0,北京,303人收货
726,华为,698.0,广东 深圳,303人收货
727,华为honor,555.0,北京,302人收货
728,Huawei,999.0,北京,302人收货
729,天语Q3C,99.0,广西 桂林,302人收货
730,Huawei,3388.0,广东 深圳,302人收货
731,Samsung,6399.0,北京,300人收货
732,诺基亚,106.0,广东 汕头,299人收货
733,天语 Z18,68.0,广东 深圳,299人收货
734,纽曼 N99,58.0,广东 深圳,299人收货
735,红米K30,1599.0,广东 深圳,299人收货
736,vivo Z3,1148.0,广东 东莞,299人收货
737,Nokia,98.0,广东 深圳,299人收货
738,vivo U3x,799.0,广东 东莞,299人收货
739,Nokia,49.0,广东 深圳,298人收货
740,苹果7plus Apple,3536.0,浙江 杭州,298人收货
741,红米note8pro Xiaomi,1069.0,广东 深圳,298人收货
742,诺基亚5310XM,115.0,上海,298人收货
743,天语 L660,155.0,广西 桂林,298人收货
744,Meizu,2699.0,江苏 南京,297人收货
745,小米,3299.0,河南 郑州,296人收货
746,红米8 ,749.0,江苏 南京,296人收货
747,OPPO Reno2 ,2999.0,江苏 南京,296人收货
748,Meizu,1999.0,广东 深圳,296人收货
749,华为mate30 Pro,3399.0,北京,295人收货
750,Xiaomi,469.0,上海,295人收货
751,华为 Nova 4e,1099.0,浙江 杭州,295人收货
752,华为,1699.0,广东 深圳,295人收货
753,小米,599.0,广东 深圳,294人收货
754,Huawei,1898.0,广东 深圳,293人收货
755,vivo Y7s,1388.0,江苏 南京,293人收货
756,华为honor,438.0,广东 深圳,293人收货
758,苹果 iPhone 11,4198.0,上海,292人收货
759,vivo Z5x,1298.0,广东 东莞,292人收货
760,苹果 iPhone 11 ,5048.0,广东 深圳,291人收货
762,苹果 iPhone XS Max ,2820.0,广东 深圳,290人收货
763,OPPO K5 oppok5,1799.0,广东 深圳,290人收货
765,Xiaomi,949.0,广东 深圳,288人收货
766,Nokia,145.0,浙江 杭州,288人收货
767,vivo Z5,1398.0,浙江 杭州,287人收货
768,vivo iQOO Pro5G,3498.0,江苏 南京,287人收货
769,OPPO Reno ,2499.0,江苏 南京,287人收货
770,Huawei,899.0,安徽 合肥,287人收货
771,Huawei,488.0,广东 深圳,286人收货
772,飞利浦E289,198.0,广东 深圳,285人收货
774,苹果 iPhone XS Max ,3100.0,广东 深圳,283人收货
775,华为mate20pro,2399.0,北京,282人收货
776,Meizu,1488.0,广东 深圳,282人收货
778,Huawei,4999.0,浙江 杭州,282人收货
779,华为Mate30Pro5G,6399.0,北京,282人收货
781,Huawei,4299.0,上海,281人收货
782,华为mate30 5G HUAWEI HUAWEI Mate 30 Pro,3258.0,上海,280人收货
783,OPPO R9S,399.0,广东 深圳,280人收货
784,苹果 iPhone 11 6,5040.0,浙江 杭州,280人收货
785,华为honor,2299.0,广东 深圳,279人收货
786,苹果 iPhone 7 iPhone 7Plus ,2070.0,广东 深圳,279人收货
787,小米9pro 5G,3799.0,江苏 南京,279人收货
788,华为honor,3098.0,广东 深圳,278人收货
789,华为HONOR,1199.0,浙江 杭州,278人收货
790,小米CC9e,1099.0,江苏 南京,277人收货
791,华为,698.0,广东 深圳,277人收货
792,华为nova5,1388.0,广东 深圳,277人收货
795,Nokia,159.0,广东 深圳,276人收货
796,Nokia,169.0,江苏 南京,275人收货
797,vivo iQOO Pro,3198.0,江苏 南京,275人收货
799,Samsung,2368.0,广东 深圳,274人收货
800,华为HONOR,1099.0,广东 深圳,274人收货
801,华为honor,528.0,广东 深圳,274人收货
802,vivo NEX 3 5G,4998.0,江苏 南京,274人收货
803,vivo U3x,799.0,广东 东莞,274人收货
805,苹果 iPhone X iphonex,1998.0,广东 深圳,273人收货
806,苹果 iPhone SE128G,860.0,广东 深圳,273人收货
807,华为,378.0,广东 深圳,272人收货
808,华为honor,1138.0,广东 深圳,271人收货
809,诺基亚2610,39.0,广东 汕头,271人收货
810,苹果 iPhone XS Max ,1440.0,广东 深圳,270人收货
811,Huawei,1399.0,辽宁 大连,270人收货
812,华为,1099.0,浙江 杭州,269人收货
813,华为mate30,3399.0,四川 成都,269人收货
814,华为HUAWEI nova 5i nova5pro nova5 i Pro,1358.0,广东 深圳,268人收货
815,华为honor,868.0,广东 深圳,267人收货
816,小辣椒 G108,66.0,广东 深圳,267人收货
817,华为honor,688.0,广东 深圳,267人收货
818,vivo Z5x,1398.0,广东 东莞,266人收货
819,小米mix3,2038.0,广东 深圳,266人收货
820,华为p30proHUAWEI HUAWEI P30 PRO,2678.0,浙江 杭州,265人收货
821,Samsung,5599.0,北京,265人收货
823,OPPO K5 oppok5,1799.0,北京,264人收货
824,OPPO R9,600.0,广东 深圳,264人收货
825,vivo Z3i,1198.0,广东 东莞,264人收货
826,vivo Z5,1398.0,广东 东莞,264人收货
827,Huawei,1499.0,广东 深圳,263人收货
828,OPPO R11,629.0,广东 深圳,263人收货
829,华为honor,879.0,广东 深圳,263人收货
830,华为HONO ,2699.0,广东 深圳,263人收货
831,苹果 iPhone 8Plus,1220.0,广东 深圳,263人收货
832,华为,958.0,广东 深圳,263人收货
833,尼凯恩 EN8C,79.0,广东 深圳,262人收货
834,vivo Z5,1398.0,上海,262人收货
835,纽曼 C9,168.0,广东 深圳,262人收货
837,Huawei,6399.0,广东 深圳,248人收货
839,Samsung,2288.0,广东 深圳,247人收货
840,苹果 iPhone XS Max,4300.0,广东 广州,247人收货
841,纽曼F1 ,78.0,广东 深圳,246人收货
842,华为,468.0,浙江 杭州,246人收货
843,Huawei,3999.0,广东 深圳,246人收货
844,通皓轩H8,39.0,广东 深圳,246人收货
845,苹果 iPhone XS Max,2000.0,上海,246人收货
846,OPPO A11 ,1299.0,江苏 南京,246人收货
847,Nokia,140.0,上海,246人收货
848,华为nova5pro,1368.0,广东 深圳,246人收货
849,Huawei,2699.0,山东 济南,246人收货
850,华为HONOR,1999.0,广东 深圳,246人收货
851,苹果iPhone8Plus,1666.0,湖北 武汉,245人收货
852,Huawei,1499.0,安徽 合肥,245人收货
853,华为HONOR,4199.0,江苏 南京,245人收货
854,华为mate30 5g,3068.0,河南 郑州,245人收货
855,OPPO R11,629.0,广东 深圳,244人收货
856,Samsung,1498.0,广东 深圳,243人收货
857,华为honor,448.0,广东 深圳,242人收货
858,华为honor,785.0,广东 深圳,242人收货
859,Xiaomi,1189.0,广东 深圳,242人收货
860,华为honor,868.0,上海,242人收货
861,苹果 iPhone 11 Pro Max ,4650.0,广东 深圳,242人收货
862,vivo,398.0,广东 深圳,242人收货
863,vivo Y93,770.0,广东 惠州,242人收货
864,Xiaomi,468.0,广东 深圳,242人收货
865,苹果 iPhone XS Max ,3500.0,广东 深圳,241人收货
866,OPPO K5 oppok5,1799.0,湖南 长沙,240人收货
867,vivo Z5,1099.0,广东 深圳,239人收货
868,三星B309,45.0,广东 深圳,239人收货
869,vivo X9S ,438.0,广东 广州,239人收货
870,华为Honor,1599.0,广东 深圳,239人收货
871,Meizu,2699.0,广东 珠海,239人收货
872,OPPO R9S,638.0,广东 深圳,238人收货
873,Huawei,3388.0,广东 深圳,238人收货
874,Samsung,2099.0,北京,238人收货
875,vivo Y9s,1998.0,广东 东莞,238人收货
876,OPPO R17 ,1798.0,湖北 武汉,237人收货
877,Huawei,1198.0,浙江 杭州,237人收货
878,Xiaomi,1599.0,广东 深圳,237人收货
880,华为 Mate 30 5G,4999.0,北京,227人收货
882,OPPO A9,1499.0,广东 东莞,226人收货
883,纽曼L9,168.0,广东 深圳,226人收货
885,华为,599.0,广东 深圳,225人收货
886,Meizu,988.0,河南 郑州,225人收货
890,华为honor,1699.0,广东 深圳,224人收货
891,苹果 iPhone 8 Plus ,1150.0,湖南 长沙,223人收货
892,苹果 iPhone 11 Pro Max,3598.0,四川 成都,223人收货
893,华为 HUAWEI nova 5z,1499.0,浙江 杭州,223人收货
895,vivo Z5X,1298.0,上海,223人收货
896,华为,1018.0,广东 深圳,222人收货
897,OPPO A5,699.0,北京,222人收货
898,华为mate30pro5G,3468.0,上海,222人收货
899,朵唯D1,499.0,广东 深圳,222人收货
900,Xiaomi,1458.0,广东 深圳,221人收货
901,华为,899.0,浙江 杭州,221人收货
902,华为HONOR,1999.0,广东 深圳,221人收货
903,Xiaomi,2428.0,广东 深圳,220人收货
906,苹果 iPhone XS Max ,3500.0,广东 深圳,220人收货
907,诺基亚,106.0,广东 广州,220人收货
908,苹果 iPhone 8,2208.0,广东 深圳,220人收货
910,纽曼 M560C,99.0,广东 深圳,219人收货
912,iPhone 6splus ,950.0,广东 深圳,219人收货
913,飞利浦,89.0,江苏 南京,218人收货
914,华为,2299.0,浙江 杭州,218人收货
916,苹果 iPhone 8 Plus ,2050.0,广东 深圳,218人收货
917,华为mate30ProHUAWEI HUAWEI Mate 30 5G Pro,3418.0,广东 深圳,218人收货
918,Xiaomi,918.0,广东 深圳,218人收货
919,OPPO Reno opporeno,1999.0,上海,217人收货
920,华为nova5z,1358.0,广东 深圳,216人收货
921,vivo U1,749.0,江苏 南京,216人收货
922,Samsung,2538.0,上海,216人收货
924,Huawei,2199.0,上海,215人收货
925,Huawei,2199.0,上海,215人收货
926,Xiaomi,899.0,广东 深圳,215人收货
927,华为honor,1058.0,广东 深圳,215人收货
928,vivo iQOO Neo 855,1998.0,浙江 杭州,215人收货
929,苹果 iPhone 8 Plus ,1966.0,上海,215人收货
930,苹果 iPhone XR  iphonexr,1848.0,广东 广州,215人收货
931,Meizu,849.0,广东 深圳,214人收货
932,Meizu,1999.0,河南 郑州,214人收货
933,苹果 iPhone XR iphonexr ,3660.0,广东 深圳,213人收货
934,Huawei,1199.0,上海,213人收货
936,Xiaomi,1099.0,上海,212人收货
937,华为,2299.0,浙江 杭州,212人收货
938,苹果 iPhone 11 Pro Max ,3558.0,广东 深圳,212人收货
939,华为nova5,1558.0,广东 深圳,212人收货
940,Xiaomi,2488.0,河南 郑州,211人收货
941,小米,2249.0,广东 深圳,211人收货
942,Nokia,188.0,广东 深圳,211人收货
943,苹果8plus,2100.0,广东 深圳,210人收货
945,华为mate30pro5G,3499.0,上海,210人收货
947,Huawei,2599.0,广东 深圳,209人收货
948,OPPO Reno Ace,2999.0,北京,209人收货
949,Xiaomi,959.0,浙江 杭州,209人收货
950,苹果 iPhone X ,3300.0,广东 深圳,209人收货
951,苹果 iPhone 8 Plus,1138.0,广东 深圳,209人收货
952,华为honor,1699.0,广东 深圳,209人收货
953,OPPO K3,1198.0,山东 济南,209人收货
954,vivo Z5X,858.0,广东 深圳,209人收货
955,华为honor,499.0,广东 深圳,208人收货
956,苹果 iPhone 11 6,4968.0,北京,208人收货
957,苹果 iPhone XS Max  iPhone xs ,3138.0,广东 深圳,208人收货
958,苹果 iPhone 8 Plus ,2048.0,广东 深圳,208人收货
960,OPPO Find X,2498.0,浙江 杭州,207人收货
961,索爱 sa,279.0,广东 深圳,207人收货
962,红米note7pro ,1199.0,江苏 南京,207人收货
963,Xiaomi,1059.0,广东 深圳,207人收货
964,华为mate30rs,12588.0,北京,207人收货
965,小辣椒9X,999.0,广东 东莞,207人收货
966,诺基亚,208.0,广东 深圳,207人收货
967,苹果 iPhone 8,1558.0,上海,206人收货
968,华为,439.0,广东 深圳,206人收货
969,朵唯W88,78.0,广东 深圳,206人收货
970,Huawei,1598.0,北京,206人收货
971,华为HONOR,2199.0,广东 深圳,206人收货
972,vivoiQOO Pro,2898.0,上海,205人收货
974,华为honor,298.0,广东 深圳,205人收货
975,vivo S1,1598.0,广东 东莞,205人收货
977,Xiaomi,1199.0,广东 深圳,204人收货
980,Nokia,48.0,浙江 杭州,204人收货
981,诺基亚,158.0,广东 深圳,204人收货
982,vivo y67,320.0,广东 深圳,203人收货
985,vivo iQOO Neo 855,1998.0,上海,203人收货
987,OPPO A59S,345.0,广东 深圳,202人收货
988,小米redmi note8,989.0,浙江 杭州,202人收货
989,Huawei,1518.0,广东 深圳,202人收货
991,天语,149.0,江苏 南京,202人收货
992,苹果iPhone8 Plus,1666.0,上海,202人收货
993,Xiaomi,1099.0,广东 广州,202人收货
994,苹果 iPhone X ,3300.0,广东 深圳,201人收货
995,Huawei,1058.0,广东 深圳,201人收货
996,小米4,165.0,广东 深圳,201人收货
997,苹果 iPhone 8 Plus,1690.0,广东 深圳,201人收货
999,华为Nova5,1008.0,河南 郑州,200人收货
1000,Huawei,3199.0,北京,200人收货
1001,苹果 iPhone XR ,3440.0,广东 深圳,200人收货
1002,苹果 iPhone 8 Plus ,2040.0,广东 深圳,200人收货
1003,苹果 iPhone 8 Plus ,1658.0,浙江 杭州,200人收货
1004,苹果 iPhone 11 Pro Max,3668.0,广东 深圳,200人收货
1005,诺基亚1050,63.0,广东 深圳,199人收货
1006,Huawei,999.0,山东 济南,199人收货
1007,飞利浦 E209J ,99.0,江苏 南京,199人收货
1008,华为honor,798.0,广东 深圳,199人收货
1009,华为mate30 HUAWEI HUAWEI Mate 30 Pro,3428.0,广东 深圳,199人收货
1010,Meizu,80.0,广东 深圳,199人收货
1012,苹果 iPhone 11,3800.0,天津,199人收货
1013,华为,999.0,上海,199人收货
1014,OPPO A11x ,1299.0,广东 广州,199人收货
1015,Samsung,1699.0,江苏 南京,199人收货
1016,Nokia,75.0,广东 深圳,198人收货
1017,OPPO A5 oppoa5,899.0,山东 济南,198人收货
1018,华为honor,1108.0,广东 深圳,197人收货
1019,华为,1599.0,广东 深圳,197人收货
1020,诺基亚,106.0,广东 广州,197人收货
1021,Huawei,1508.0,上海,197人收货
1022,Xiaomi,1029.0,广东 深圳,197人收货
1023,飞利浦 E256S,279.0,江苏 南京,197人收货
1024,华为HONOR,1199.0,北京,196人收货
1025,华为,899.0,浙江 杭州,196人收货
1026,华为mate30,3078.0,河北 石家庄,196人收货
1027,vivo U3x ,799.0,上海,196人收货
1028,华为HUAWEI nova 5 Pro ,999.0,河北 石家庄,196人收货
1030,小辣椒Q8,99.0,广东 深圳,195人收货
1031,Huawei,1918.0,北京,195人收货
1034,华为5G,3068.0,广东 深圳,195人收货
1035,Huawei,3388.0,上海,195人收货
1036,vivo S5,2698.0,上海,195人收货
1037,华为honor,1678.0,广东 深圳,194人收货
1038,华为honor,608.0,广东 深圳,194人收货
1039,Xiaomi,219.0,广东 深圳,194人收货
1040,OPPO K3 oppok3,1399.0,上海,194人收货
1041,苹果 iPhone 11,4888.0,陕西 西安,194人收货
1042,OPPO K5,1799.0,北京,193人收货
1043,vivo U3x,799.0,广东 深圳,193人收货
1044,vivo X21,1010.0,浙江 杭州,193人收货
1045,vivo y66,480.0,浙江 杭州,192人收货
1046,Huawei,1099.0,广东 深圳,192人收货
1047,vivo y66 ,306.0,广东 深圳,192人收货
1048,Samsung,1200.0,上海,192人收货
1049,OPPO K5,2499.0,广东 东莞,192人收货
1050,华为9x,879.0,广东 深圳,190人收货
1053,Xiaomi,329.0,广东 深圳,190人收货
1055,华为mate30pro5G,3428.0,广东 深圳,190人收货
1056,Meizu,2699.0,广东 深圳,190人收货
1057,OPPO K3 oppok3,1199.0,广东 东莞,189人收货
1059,Xiaomi,420.0,广东 深圳,189人收货
1060,华为p30pro,3179.0,北京,189人收货
1061,vivo X27 vivox27 ,2498.0,上海,189人收货
1063,Xiaomi,798.0,广东 深圳,188人收货
1064,华为honor,868.0,广东 深圳,188人收货
1065,华为,2699.0,浙江 杭州,188人收货
1068,Samsung,4300.0,广东 深圳,187人收货
1069,Xiaomi,2288.0,上海,187人收货
1071,OPPO Reno opporeno,2499.0,浙江 杭州,187人收货
1072,Nokia,98.0,广东 深圳,187人收货
1073,苹果 iPhone X,3350.0,上海,186人收货
1074,华为,898.0,广东 深圳,186人收货
1075,Nokia,299.0,北京,186人收货
1076,朵唯 S1,299.0,广东 深圳,186人收货
1077,OPPO K1,1039.0,山东 济南,185人收货
1078,纽曼 F8,158.0,广东 深圳,185人收货
1079,苹果 iPhone 7 Plus,1900.0,广东 深圳,184人收货
1080,Huawei,3388.0,北京,184人收货
1082,OPPO Reno Ace opporenoace,3199.0,北京,183人收货
1083,OPPO A11X oppoa11x ,1799.0,上海,183人收货
1084,诺基亚,75.0,广东 深圳,183人收货
1085,OPPO Reno opporeno,2499.0,广东 东莞,183人收货
1086,Meizu,190.0,广东 深圳,183人收货
1087,OPPO R11 Plus,789.0,浙江 杭州,183人收货
1088,小辣椒A8,99.0,广东 深圳,182人收货
1089,苹果 iPhone 11 Pro Max ,4999.0,江苏 南京,182人收货
1090,Huawei,3999.0,山东 济南,182人收货
1091,Huawei,3999.0,广东 深圳,182人收货
1092,Nokia,98.0,广东 深圳,182人收货
1093,vivo U3X,799.0,北京,182人收货
1094,OPPO A11x 4800,1799.0,广东 东莞,182人收货
1095,飞利浦 E151Y,168.0,江苏 南京,181人收货
1096,华为,3468.0,上海,181人收货
1097,朵唯X11 Pro,699.0,广东 深圳,181人收货
1098,Xiaomi,1278.0,广东 深圳,181人收货
1100,天语HD1,499.0,广东 深圳,181人收货
1101,天语HD1,499.0,广东 深圳,181人收货
1103,苹果iPhone XR,3648.0,江苏 南京,180人收货
1105,Huawei,1448.0,上海,180人收货
1106,Huawei,1499.0,安徽 合肥,180人收货
1107,华为,949.0,广东 深圳,180人收货
1108,Meizu,195.0,广东 深圳,180人收货
1109,天语A9,58.0,广东 深圳,179人收货
1113,诺基亚,98.0,广东 深圳,178人收货
1114,Samsung,3898.0,上海,178人收货
1116,Xiaomi,979.0,上海,177人收货
1118,Samsung,10999.0,北京,177人收货
1119,vivo Z5,1188.0,湖北 武汉,177人收货
1120,华为4e,1358.0,广东 深圳,177人收货
1121,Huawei,868.0,上海,177人收货
1122,苹果 iPhone XS Max iPhone xs max  ,3650.0,湖北 武汉,177人收货
1123,Xiaomi,3398.0,广东 深圳,177人收货
1125,诺基亚,106.0,广东 广州,176人收货
1126,苹果 iPhone X,3450.0,北京,176人收货
1127,Samsung,1780.0,广东 深圳,176人收货
1128,Samsung,15999.0,北京,176人收货
1130,纽曼 Q99,63.0,广东 深圳,176人收货
1131,Nokia,249.0,江苏 南京,176人收货
1133,vivo S5,2698.0,江苏 南京,176人收货
1134,华为Mate30 ,3099.0,广东 深圳,175人收货
1135,华为honor,699.0,上海,175人收货
1136,Meizu,629.0,山东 济南,175人收货
1137,Xiaomi,218.0,广东 深圳,175人收货
1140,小米8 ,1029.0,广东 深圳,175人收货
1141,Huawei,1499.0,广东 深圳,175人收货
1144,三星,63.9,广东 深圳,174人收货
1145,小米9,2369.0,广东 深圳,174人收货
1146,OPPO A5,638.0,北京,174人收货
1147,vivo Z5,1398.0,广东 东莞,174人收货
1148,华为honor,2299.0,上海,174人收货
1149,vivoX9 ,599.0,广东 深圳,174人收货
1150,Nokia,75.0,广东 深圳,174人收货
1152,Xiaomi,999.0,浙江 杭州,174人收货
1153,OPPO R11,699.0,广东 东莞,173人收货
1154,华为,998.0,浙江 杭州,173人收货
1156,苹果 iPhone XS Max ,3188.0,上海,173人收货
1157,华为,2699.0,广东 深圳,172人收货
1158,vivo Z5X,1298.0,广东 深圳,172人收货
1159,一加七8 6t 1,2088.0,上海,172人收货
1160,Huawei,849.0,广东 深圳,171人收货
1161,诺基亚,59.0,广东 深圳,171人收货
1162,华为,798.0,广东 深圳,171人收货
1163,vivo X9S,868.0,浙江 杭州,171人收货
1164,Nokia,88.0,广东 广州,170人收货
1165,Huawei,458.0,广东 深圳,170人收货
1166,Huawei,1799.0,上海,170人收货
1167,三星,64.9,广东 深圳,170人收货
1168,Huawei,2099.0,广东 深圳,170人收货
1169,华为nova6,2668.0,广东 深圳,170人收货
1170,vivo U3X ,799.0,山东 济南,170人收货
1171,小米CC9Pro 1,2599.0,北京,170人收货
1172,飞利浦 E259S ,288.0,江苏 南京,170人收货
1173,苹果 iPhone 11,4860.0,浙江 杭州,170人收货
1174,苹果 iPhone 8 Plus ,2150.0,广东 深圳,170人收货
1175,小米CC9Pro,2599.0,山东 济南,169人收货
1176,Xiaomi,448.0,山东 济南,169人收货
1177,OPPO A57,448.0,广东 深圳,169人收货
1178,苹果 iPhone 11 ,5183.0,四川 成都,169人收货
1179,OPPO Reno Ace,3599.0,江苏 南京,168人收货
1181,Nokia,78.0,广东 深圳,168人收货
1182,Xiaomi,1768.0,广东 惠州,168人收货
1183,苹果iPhone 11 Pro 2019,8699.0,浙江 杭州,168人收货
1184,vivo X23,1999.0,广东 深圳,168人收货
1185,飞利浦 E186A,150.0,广东 深圳,168人收货
1186,Huawei,3098.0,山东 济南,168人收货
1187,华为20,3399.0,广东 深圳,168人收货
1188,Huawei,794.0,广东 广州,168人收货
1189,诺基亚1050,63.0,广东 深圳,168人收货
1191,朵唯V31,199.0,广东 深圳,167人收货
1192,vivo Z5,1398.0,广东 深圳,167人收货
1193,Huawei,860.0,广东 深圳,167人收货
1194,Xiaomi,499.0,山东 济南,167人收货
1195,vivo Z5X,1298.0,广东 深圳,167人收货
1196,OPPO R11S ,789.0,广东 深圳,167人收货
1197,Nokia,998.0,广东 深圳,167人收货
1198,苹果11 Apple,5258.0,浙江 杭州,167人收货
1200,华为honor,410.0,广东 广州,167人收货
1201,华为,1688.0,广东 深圳,167人收货
1202,Huawei,2499.0,北京,167人收货
1203,Nokia,65.0,广东 深圳,167人收货
1204,vivo X20,680.0,广东 深圳,167人收货
1205,华为honor,3028.0,广东 深圳,166人收货
1206,小米 ,949.0,广东 深圳,166人收货
1207,vivo X23,1749.0,广东 东莞,166人收货
1208,小米CC9e,999.0,北京,166人收货
1210,华为HONOR,3899.0,广东 深圳,166人收货
1212,Meizu,2699.0,河南 郑州,166人收货
1213,纽曼R15C,138.0,广东 深圳,165人收货
1215,vivo Z5,1598.0,北京,165人收货
1216,Meizu,849.0,河南 郑州,165人收货
1219,华为honor,669.0,广东 深圳,165人收货
1220,苹果 iPhone 11 ,3540.0,广东 深圳,165人收货
1221,Xiaomi,969.0,广东 深圳,164人收货
1222,苹果7plus Apple,2758.0,山东 济南,164人收货
1224,苹果 iPhone 11 Pro Max,3638.0,广东 深圳,164人收货
1225,飞利浦E219,289.0,广东 深圳,164人收货
1226,华为honor,1299.0,广东 深圳,164人收货
1228,Xiaomi,849.0,广东 深圳,164人收货
1229,Huawei,2399.0,广东 深圳,164人收货
1231,纽曼 M560C,79.0,广东 深圳,163人收货
1232,苹果iPhone 8,1210.0,广东 深圳,163人收货
1233,苹果iPhone 8,1210.0,广东 深圳,163人收货
1234,小辣椒G105,79.0,广东 深圳,163人收货
1235,Xiaomi,1828.0,广东 深圳,163人收货
1236,华为,569.0,北京,162人收货
1237,诺基亚,138.0,广东 深圳,162人收货
1238,华为HONOR ,1599.0,广东 深圳,162人收货
1239,苹果 iPhone X ,2300.0,广东 深圳,162人收货
1240,华为HUAWEI HUAWEI P30 PRO,2800.0,北京,162人收货
1241,vivo NEX 3,4498.0,广东 东莞,162人收货
1244,Xiaomi,676.0,广东 深圳,161人收货
1245,OPPO A57,330.0,广东 深圳,161人收货
1246,Meizu,280.0,广东 深圳,161人收货
1247,Huawei,3199.0,广东 深圳,161人收货
1248,Huawei,1538.0,广东 深圳,161人收货
1249,Xiaomi,1369.0,广东 深圳,160人收货
1250,Samsung,1450.0,广东 深圳,160人收货
1251,华为honor,899.0,上海,160人收货
1252,华为,768.0,上海,160人收货
1253,Xiaomi,3268.0,上海,160人收货
1254,华为9xpro8x,499.0,福建 福州,160人收货
1255,vivo S5,2698.0,浙江 杭州,160人收货
1256,华为p30 pro,2648.0,四川 成都,160人收货
1258,华为,499.0,广东 惠州,160人收货
1259,苹果 iPhone 11 ,3478.0,广东 深圳,160人收货
1260,华为,800.0,广东 深圳,159人收货
1261,纽曼 F6,109.0,北京,159人收货
1262,Xiaomi,499.0,广东 深圳,159人收货
1263,纽曼 W560,98.0,广东 深圳,159人收货
1264,OPPO R9,548.0,广东 深圳,159人收货
1268,Nokia,85.0,广东 深圳,159人收货
1269,纽曼F518,139.0,广东 深圳,159人收货
1270,Meizu,988.0,河南 郑州,159人收货
1271,Nokia,188.0,广东 深圳,159人收货
1272,Xiaomi,209.0,广东 深圳,159人收货
1273,vivo U3x,799.0,上海,159人收货
1274,纽曼 V1,58.0,广东 深圳,159人收货
1275,索爱 Z5S,239.0,广东 深圳,158人收货
