title,price,location,sales
【4G全网通】纽曼 M560正品老人机超长待机直板老年手机大屏大字大声音移动联通电信版女学生功能按键小手机,69,广东 深圳,3.0万+人收货
【4G全网通】尼凯恩 EN3正品老人机超长待机三防军工直板老年手机大屏大字大声音移动联通电信版学生按键手机,69,广东 深圳,2.0万+人收货
【限时低至1099元】华为旗下HONOR/荣耀9X麒麟810芯片4800万超清双摄手机官方旗舰店官方旗舰店全新正品,1099,广东 深圳,2.0万+人收货
【1月1号享24期免息】Huawei/华为Mate 30 Pro 5G麒麟990徕卡四摄5G芯片智能手机mate30pro5g官方旗舰店,6399,广东 深圳,1.5万+人收货
vivo Z5x极点全面屏高通骁龙710大电池智能手机官方正品手机新品vivoz5x限量版 z3x,1298,广东 东莞,1.0万+人收货
【6GB立省100】红米note8 4800万四摄拍照游戏学生智能手机redmi全面屏pro小米官方旗舰店正品7xiaomi,999,北京,1.0万+人收货
【8+256G赠耳机】红米k30 索尼6400万大电量120Hz智能游戏学生手机K20升级redmi小米官方旗舰店网正品xiaomi,1699,北京,1.0万+人收货
【4+64G立省50】红米8A 大电量大屏幕智能游戏学生老年人手机小米官方旗舰店官网redmi红米8a正品,699,北京,1.0万+人收货
【1月1号享24期免息】Huawei/华为Mate 30 5G麒麟990超感光徕卡三摄5G智能手机mate305g官方旗舰店,4999,广东 深圳,1.0万+人收货
vivo Z5新品vivoz5限量版智能手机官方正品旗舰店官网屏幕指纹学生新款vivoz5x z3x,1398,广东 东莞,1.0万+人收货
【4+128G直降100】Huawei/华为畅享10 Plus超清全视屏4800万三摄智能手机华为官方旗舰店畅享10plus,1399,广东 深圳,1.0万+人收货
【低至899元】华为旗下HONOR/荣耀8X全面屏手机屏占比高达91%智能学生青春正品官方旗舰店10青春版,1099,广东 深圳,1.0万+人收货
【限时享12期免息】Apple/苹果 iPhone 11 移动联通电信全网通4G 超广角拍照手机苏宁易购官方旗舰店,5999,江苏 南京,1.0万+人收货
【6+128G到手价1399】红米note8pro6400万四摄4500mAh大电量小米手机redmi拍照智能学生小米官方旗舰店xiaomi,1299,北京,1.0万+人收货
【直降200】Huawei/华为nova 5 Pro超级夜景4800万AI四摄超广角智能手机nova5pro华为官方旗舰店,2499,广东 深圳,9000+人收货
全网通4G天语R7移动联通电信版女超薄老人机超长待机正品按键直板老年手机大屏大字大声音天翼功能小学生备用,68.9,广西 桂林,8500+人收货
【1月1日享直降200】Huawei/华为nova 5z 快充AI4800万四摄人像超级夜景128G大内存智能手机华为官方旗舰店,1799,广东 深圳,8500+人收货
【限时低至1699元】华为旗下HONOR/荣耀V20新品全视屏麒麟980处理器4800万AI摄影手机官方旗舰店v30,1699,广东 深圳,8500+人收货
【抢券至高省100】vivo U3x新品vivou3x千元拍照智能手机大电池官方旗舰店官网正品学生老人u1 y93sx27,799,广东 东莞,8000+人收货
【低至2099元】华为旗下HONOR/荣耀20全面屏超广角AI四摄麒麟980芯片智能拍照手机正品PRO手机v30,2199,广东 深圳,8000+人收货
【100优惠券】Huawei/华为 P30全面屏超感光徕卡三摄变焦双景录像980芯片智能手机p30华为官方旗舰店,3388,广东 深圳,8000+人收货
【下单立减100赠耳机】OPPO K5全面屏6400万四摄4G拍照游戏智能手机官方旗舰店正品oppok5 k3 k1,1799,广东 东莞,8000+人收货
VOVG X27超薄水滴全面屏安卓大屏游戏4G全网通智能手机电信学生价,358,广东 深圳,8000+人收货
【最高直降200】Huawei/华为畅享9e全面屏珍珠屏千元智能手机华为正品官方智能手机华为官方旗舰店,699,广东 深圳,7500+人收货
关爱心G1军工三防老人机超长待机正品移动电信版联通4G全网通老年手机大屏大字大声音女学生诺基亚功能小手机,58,广东 深圳,7500+人收货
Apple/苹果 iPhone 7 Plus iPhone7国行三网通全新正品苹果7P手机,2160,广东 深圳,7500+人收货
【4G全网通】纽曼 l6+老人机超长待机大屏大字大声音按键直板移动电信版中老年手机学生女正品联通儿童小手机,59,广东 深圳,7500+人收货
【12+512G低至2799】红米k20 pro尊享版骁龙855Plus大存储学生智能游戏手机30小米官方旗舰店redmi正品,2399,北京,7500+人收货
Apple/苹果 iPhone 7 Plus国行美版苹果7代苹果7P5.5寸全网通手机,1800,广东 深圳,7000+人收货
【新色上市  6期免息】华为旗下HONOR/荣耀V30双模5G麒麟990旗舰芯片突破性相机矩阵PRO拍照手机官方旗舰店,3299,广东 深圳,7000+人收货
vjvj X21S正品学生价水滴全面屏安卓指纹游戏电信全网通智能手机,368,广东 深圳,7000+人收货
【1月1号享24期免息】Huawei/华为Mate 30麒麟990超级快充4000万徕卡4G智能手机mate30华为官方旗舰店,3999,广东 深圳,6500+人收货
【下单至高减200】OPPO K3全面屏骁龙710屏幕指纹手机智能新品官方游戏手机oppok3 k1 oppor17 r15,1638,广东 东莞,6000+人收货
[4G全网通]纽曼 L8S军工三防老人机超长待机正品老年手机大屏大字大声音移动电信版学生女按键直板诺基亚手机,58,广东 深圳,6000+人收货
【4G全网通】YEPEN/誉品 Y550正品老年手机老人机超长待机大字大声大屏移动联通电信男女按键小学生功能手机,49,广东 深圳,6000+人收货
【优惠高达500元】华为旗下HONOR/荣耀20i 3200万AI自拍渐变色官方旗舰店珍珠全面屏正品学生手机,1199,广东 深圳,5500+人收货
4G全网通皓轩H5军工三防老人机超长待机女款大屏大字大声直板按键移动电信版老年手机正品学生功能天翼小手机,39,广东 深圳,5500+人收货
【至高省300】vivo iQOO Neo 855高通骁龙855处理器游戏指纹智能手机vivoiqooneo iqooneo vivo新iqoo 限量版,1998,广东 东莞,5000+人收货
Apple/苹果 Apple iPhone 11 移动联通电信全网通4G智能手机,4749,浙江 杭州,5000+人收货
【6+128G省300元 赠充电宝】小米CC9e 4800万全面屏手机拍照游戏学生小米官方旗舰店正品CC Xiaomi,1199,北京,5000+人收货
Apple/苹果 iPhone 8 Plus 全新正品国行美版三网通手机iPhone 8,2600,广东 深圳,5000+人收货
Apple/苹果 iPhone 7 Plus全新7代5.5英寸全网通7P苹果8plus手机X,1650,上海,4969人收货
【低至1699元】华为旗下HONOR/荣耀Magic2滑盖全面屏官网正品超级快充麒麟980官方旗舰店新手机v20,1699,广东 深圳,4968人收货
Apple/lPhone 6splus 苹.果6sp 苹.果6s手机7代7plus全网通正品7p,950,广东 深圳,4845人收货
[送座充]小辣椒Q8老年手机超长待机正品军工三防移动电信版中国电信女款诺基亚4G全网通大屏大字大声音老人机,99,广东 深圳,2678人收货
【赠充电宝 购机享6期免息】小米CC9 4800万全面屏手机拍照指纹智能学生小米官方旗舰店正品 xiaomi,1699,北京,2657人收货
官方Xiaomi/小米 Redmi Note8 Pro旗舰红米note8pro手机正note7 9,948,广东 深圳,2580人收货
正品Apple/苹果 iPhone 7 Plus 国行4G全网通7代手机苹果8plus,1800,广东 深圳,2511人收货
【可减350元+当天发】华为HONOR 荣耀9X系列麒麟810全网通手机全新官方旗舰店官网9xpro正品20s新款x9/play3,1099,广东 深圳,2500人收货
【限时低至1699】华为HONOR/荣耀V20全视屏麒麟980处理器4800万AI摄影智能游戏学生手机荣耀20官网V30新品,1899,江苏 南京,2472人收货
Apple/苹果 iPhone XR 国行双卡苹果 iphonexr手机XR美版xs max,3180,上海,2445人收货
分期Apple/苹果 iPhone7 Plus美版国行正品苹果7P全网通7代4G手机,1500,广东 深圳,2427人收货
Huawei/华为T2010全网通移动联通4G3G老人手机大声大字电信老年机,128,广东 深圳,2378人收货
分期免息Apple/苹果 iPhone 8 Plus 苹果 8plus iphone8p 8x手机,2650,广东 深圳,2366人收货
【限时享12期免息】Apple/苹果 iPhone 11 Pro Max 全网通4G智能手机 苏宁易购官方旗舰店正品,10899,江苏 南京,2365人收货
Apple/苹果 iPhone 8 Plus 全网通4G全新苹果8X手机128G 分期免息,1398,广东 深圳,2346人收货
分期Apple/苹果 iPhone 8 Plus 苹果8plus国行手机苹果8p iphone8,2200,广东 深圳,2332人收货
小米多亲ai手机2小爱同学qin1s全网通4g小米老人机超长待机电信版按键老年直板学生非智能微信备用小功能多亲,299,广东 深圳,2288人收货
新款6.5寸正品X27水滴屏游戏安卓智能手机学生价超薄指纹全网通4G,139,广东 深圳,2252人收货
（送座充）小辣椒F6老人机翻盖手机超长待机移动电信版全网通按键正品老年手机大字大声大屏男女款学生手机,89,广东 深圳,2249人收货
Samsung/三星 Galaxy S10+ SM-G9750三星S10e美港版手机note10 S9,1928,广东 深圳,2239人收货
纽曼 L660老年手机翻盖手机联通4G移动电信版手机大字大声正品超长待机按键老年机大屏男女语音王军工老人机,109,江苏 南京,2219人收货
Apple/苹果 iPhone XS Max苹果xsmax苹果 xs xr双卡iPhonex 手机x,3300,广东 深圳,2199人收货
【4G全网通】关爱心G3正品老人机超长待机大屏大字大声音老年手机移动联通电信版直板女款功能按键诺基亚手机,69,广东 深圳,2198人收货
分期免息Apple/苹果 iPhone X全新正品iPhonex全网通4G苹果8x手机,3500,广东 深圳,2195人收货
4G全网通尼凯恩 EN3C正品三防军工直板超长待机移动电信版老年机老人手机女款学生大屏大字大声按键备用手机,99,广东 深圳,2188人收货
可减400元12期花呗免息/华为HONOR 荣耀20i手机官方旗舰店新品降价9x学生上市paly3官网降价20青春版11x系列8,1099,山东 济南,2177人收货
【每天前300名赠EP3C耳机】Meizu/魅族16sPro骁龙855Plus4800W光学防抖三摄屏下指纹全面屏高端官方正品手机,2699,广东 珠海,2145人收货
【爆款直降150元】HUAWEI/华为  畅享9e 高清珍珠屏大存储学生千元智能手机,699,江苏 南京,2119人收货
【4+64GB到手价799】红米8 5000mAh大电量智能全面屏学生老年人全网通手机小米官方旗舰店redmi8官网小米手机,749,北京,2107人收货
【至高立减300 1499起】realme 真我X2 6400万四摄骁龙730G 30W闪充手机拍照手机realmex2手机,1599,广东 东莞,2107人收货
【限时减100】OPPOK5 6400万超清像素四摄高通骁龙730G全面屏美颜拍照VOOC闪充 4G全网通手机oppok5k3,1799,江苏 南京,2102人收货
小辣椒K3迷你学生手机非智能4G超薄卡片手机高中生初中小学生专用戒网备用网红小手机儿童电信只可以打电话,128,广东 深圳,2080人收货
【3期免息 至高省400】vivo iQOO高通骁龙855处理器游戏全面屏手机vivoiqoo vivo新iqoo 新iqoo iqoo限量版,2098,广东 东莞,2069人收货
新品穿孔全面水滴屏学生价安卓游戏智能手机全网通4g网络指纹超薄,128,广东 深圳,2061人收货
12期免息花呗分期付款0首付】华为honor/荣耀 荣耀20i手机官方旗舰店新品直降9x学生上市11x系列官网20青春版,1099,广东 深圳,2054人收货
分期免息Apple/苹果 iPhone 8 Plus 正品苹果8代iphone8p国行手机,2100,广东 广州,2045人收货
【限时直降100】OPPO A5 全面屏AI双摄美颜拍照长续航正品学生老人智能全网通4G手机oppoa5,699,广东 东莞,2041人收货
诺基亚老人手机全网通4G老人机超长待机移动联通电信4G大字老年机,105,广东 深圳,2035人收货
Xiaomi/小米 小米CC9 Pro官方美图cc9pro旗舰手机定制10尊享版新,2549,广东 深圳,2024人收货
新品Xiaomi/小米 Redmi Note8 Pro官方红米note8pro手机se正note7,948,广东 深圳,2019人收货
官方Xiaomi/小米 Redmi K20骁龙855红米k20 pro旗舰手机尊享版,1298,广东 深圳,2015人收货
【低至999元】华为旗下HONOR/荣耀8X Max官网全新正品智能商务学生游戏全面屏双摄手机官方旗舰店,999,广东 深圳,1986人收货
【4G全网通】关爱心G3正品老人机超长待机老年手机大屏大字大声音移动联通电信版直板女款诺基亚功能按键手机,59,广东 深圳,1960人收货
Apple/苹果 iPhone 8 Plus苹果iPhone8 plus国行正品手机iphone8,2150,广东 深圳,1949人收货
【6期免息 赠手机壳】华为旗下HONOR/荣耀20 PRO 新品30倍数字变焦全焦段AI四摄全面屏手机官方旗舰店v30,2699,广东 深圳,1940人收货
【每天前300名赠壳膜】meizu/魅族16T骁龙855大屏旗舰6.5英寸全面屏4500mAh电池UFS3.0手机官方旗舰店正品,2299,广东 珠海,1940人收货
【100优惠券】Huawei/华为nova 5i自拍极点全面屏2400万AI四摄超级夜景AI手机nova5i华为官方旗舰店,1799,广东 深圳,1935人收货
【12.29-12.30至高立减250 赠好礼】realme 真我Q骁龙712索尼4800万四摄20W闪充realmeq手机realmex,998,广东 东莞,1912人收货
【12期免息赠耳机】vivo S5新品vivos5智能美颜拍照手机官方旗舰店官网正品vivos1 x27 x23,2698,广东 东莞,1877人收货
可减350元当天发货/华为HONOR 荣耀9X全网通手机麒麟810系列v20官方旗舰店20i直降降价9xpro青春x9华为荣耀9x,1099,山东 济南,1875人收货
纽曼R15学生手机非智能超薄迷你卡片手机高初中生戒网专用小手机4G儿童小学生手机只可以打电话备用网红手机,118,广东 深圳,1868人收货
Apple/lPhone 6splus 苹.果6sp 苹.果6s手机7代7plus全网通正品4G,920,广东 深圳,1867人收货
【3期免息 至高省100】vivo Z5x 全面屏AI三摄骁龙710全面屏4G官方旗舰正品手机 vivoz5x vivoz5 z3 iQOO,1298,江苏 南京,1849人收货
华为nova5正品直降999元HUAWEI nova 5 Pro官方旗舰店nova5i手机6,1388,广东 深圳,1819人收货
【正品5年换新】 Nokia/诺基亚105直板老人机迷你小学生备用手机官方旗舰店超长待机老年非智能110儿童经典款,129,北京,1814人收货
4+64G卖799元/Huawei/华为 畅享9 手机 华为官方旗舰店正品华为畅享9plus畅享10plus畅想9s荣耀老人 超长待机,749,北京,1804人收货
【限时优惠600】华为HONOR荣耀20全面屏超广角AI四摄麒麟980芯片智能手机正品官方旗舰PRO手机,2099,江苏 南京,1744人收货
【6期免息】红米k20pro 尊享版骁龙855Plus新品4800万智能4G全网通手机小米官方旗舰正品红米k20 30,2999,江苏 南京,1731人收货
诺基亚三防老年手机全网通移动电信4G超长待机大声大字大屏老人机,158,广东 深圳,1722人收货
【12期免息+乐心手环】HUAWEI/华为Mate30 Pro 5G全网通曲面屏麒麟990芯片双4000万徕卡四摄手机官方正品,6399,江苏 南京,1721人收货
新品Xiaomi/小米 Redmi K30 5G红米k30pro官方旗舰手机20尊享版5g,1478,广东 深圳,1707人收货
【6+64GB低至1099】华为honor/荣耀8X全面大屏幕指纹解锁智能游戏青春学生老人手机官方旗舰店9X,1099,江苏 南京,1702人收货
【抢券至高省100】vivo U3新品vivou3千元机拍照智能手机大电池官方旗舰店正品学生老人vivou1 x27,999,广东 东莞,1692人收货
【立减200】HUAWEI/华为nova 5 Pro麒麟980新品4800万AI四摄超级快充屏内指纹NFC手机,2699,江苏 南京,1689人收货
朵唯9X水滴屏八核128G智能手机全网通4G超长待机大字大屏老年老人机学生价安卓超薄5.5寸正品旗舰店便宜游戏,489,广东 深圳,1631人收货
Philips/飞利浦 E183A老人机大屏大字大声4G全网通老年机超长待机直板老年手机双卡双待按键老人学生备用手机,149,广东 深圳,1622人收货
超薄水滴屏安卓大屏游戏4G全网通智能手机电信老人OWWO/欧沃 X27,298,广东 深圳,1619人收货
Nokia/诺基亚 新106老人机超长待机直板按键功能机官方旗舰店大字大声老年机学生儿童备用迷你经典怀旧小手机,129,广东 深圳,1588人收货
分期Apple/苹果 iPhone 8 Plus 苹果8plus国行iPhone8P苹果8X手机,1999,广东 深圳,1581人收货
Apple/苹果 iPhone XR 苹果xr手机国行双卡iphonexr xs max手机8x,3550,广东 深圳,1579人收货
SAILF R20全新上市正品2019新款手机智能超薄水滴屏4G全网通学生价安卓游戏全面屏送小米鼠oppo华为vivo耳机,398,广东 深圳,1574人收货
官网HUAWEI 畅享9全面屏智能新手机华为官方旗舰店正品畅想10plus,488,广东 深圳,1560人收货
分期Apple/苹果 iPhone X 苹果8x全新国行iphonex正品 苹果xr手机,3550,广东 深圳,1559人收货
纽曼C5老人手机超长待机直板按键老年机学生小手机4G男生女生非智能机大屏大字大声诺基亚功能备用电信版专用,58,广东 深圳,1556人收货
【6期免息+乐心手环】Huawei/华为P30 Pro曲面屏超感光徕卡四摄变焦980芯片智能手机p30pro,4488,江苏 南京,1545人收货
【直降200元】vivo X27 限量版新品上市4800万广角三摄升降式摄像头全面屏指纹手机官方正品vivox27 限量版,2498,广东 东莞,1539人收货
关爱心A5儿童手机迷你小学生卡通可爱移动电信版定位棒棒机初中学生专用戒网瘾男生非智能按键女款卡片小手机,78,广东 深圳,1538人收货
Apple/苹果 iPhone 7 Plus国行苹果7 Plus全网通7代5.5寸4G手机,1820,广东 深圳,1528人收货
【限时优惠200元】华为旗下HONOR/荣耀9X PRO麒麟810芯片4800万超清三摄升降式摄像头智能手机官方旗舰店,1999,广东 深圳,1514人收货
分期Apple/苹果 iPhone 8 Plus苹果8plus iphone8p苹果8x全新手机,2110,广东 深圳,1503人收货
24期分期/优惠350当天发【新品】Huawei/华为 nova 5i手机官网官方旗舰店正品华为非5G降价mate30novapro手机,1799,安徽 合肥,1490人收货
Apple/苹果 iPhone XS Max苹果xr iphonexr xs max手机苹果xs max,2099,广东 深圳,1489人收货
直降200元【当天发】Huawei/华为 畅享10 plus 手机官方旗舰店畅想9plus新款nova5pro正品5i学生手机5g荣耀9x,1199,安徽 合肥,1488人收货
【至高省100 】vivo U3x新品智能手机官方正品旗舰官网学生vivoU1 y93s  z3x vivou1 vivou3x u3,799,江苏 南京,1477人收货
Apple/苹果 iPhone 8 Plus苹果iPhone8 plus国行正品手机iphone8,2100,广东 深圳,1474人收货
【限时享12期免息】Apple/苹果 iPhone 11 Pro全网通4G智能手机 苏宁易购官方旗舰店直发,9999,江苏 南京,1470人收货
BIRD/波导 A520超长待机移动老人机手机大字大声电信版大屏正品4g全网通大按键直板女款诺基亚老年手机学生,158,广东 深圳,1450人收货
【6期免息+200元优惠券】华为nova 5i 手机官方旗舰店nova5i/4e华为p30pro正品p20新款mate20直降5pro荣耀最,1999,广东 深圳,1445人收货
【下单立减189元】Apple/苹果 iPhone 8 64G 移动联通电信全网通4G手机 官方正品苹果iPhone8 苹果8,3488,江苏 南京,1428人收货
飞利浦E109C正品老人机超长待机直板老年手机大屏大字大声音移动联通电信版学生功能按键小巧备用手机,79,广东 深圳,1419人收货
【64G直降500】Huawei/华为畅享9S华为新品手机2400万三摄超大广角夜拍超级夜景华为官方旗舰店,1099,广东 深圳,1403人收货
现货速发Apple/苹果iPhone11ProMax官方iphone苹果11手机官网国行,4699,广东 深圳,1395人收货
【6期免息 至高省500】vivo iQOO Pro高通骁龙855Plus处理器游戏指纹手机iqoopro vivoiqoo 新iqoo iqoo限量,2898,广东 东莞,1387人收货
【限时低至1399元】华为旗下HONOR/荣耀 Note10 大屏幕液冷双Turbo官方旗舰店官网正品游戏手机,1599,广东 深圳,1352人收货
【12期免息】Huawei/华为nova6 5G/4G全网通麒麟990芯片官方旗舰店正品40w快充手机nova5nova4,3199,江苏 南京,1347人收货
索爱Z6老人机翻盖全网通4G老人手机大字大声大屏移动联通4G版老年机超长待机双卡双待男女款按键电信老年手机,229,广东 深圳,1336人收货
【6期免息+乐心手环】Huawei/华为P30麒麟980芯片4000万徕卡三摄超感光录像全面屏时尚手机p30,3388,江苏 南京,1335人收货
【限时到手价899】华为honor/荣耀 荣耀10青春版渐变色全网通智能手机全新正品官方旗舰店拍照学生手机8X,899,江苏 南京,1318人收货
【12期免息+乐心手环】HUAWEI/华为 Mate30 全网通5G智能手机 麒麟990徕卡拍照手机旗舰新品官方正品,4999,江苏 南京,1301人收货
天语 R7C正品老人机超长待机老年机大屏大字大声音移动电信版老人手机4G全网通超薄直板按键女学生备用功能机,98,广西 桂林,1284人收货
华为畅享10【6+64GB降50元送原装耳机】Huawei/华为畅享10手机官方旗舰授权店正品全网通畅想 10plus,899,广东 深圳,1283人收货
顺丰速发【新品】Huawei/华为 畅享9官方旗舰店官网正品畅想9plus手机nova3新款mate20学生4荣耀10降价青春最,799,广东 深圳,1276人收货
Nokia/诺基亚1110移动老年人小手机学生备用经典款黑白屏直板按键,50,广东 深圳,1273人收货
【抢先加入购物车】Apple/苹果 iPhone 11 移动联通电信4G全网通手机正品苏宁易购官方旗舰店,5999,江苏 南京,1271人收货
顺丰当天发 【新品】Huawei/华为 畅享9珍珠屏华为官网官方旗舰店正品nova5plus/mate30pro超长待机非5g手机,779,安徽 合肥,1265人收货
【低至1099】华为HONOR/荣耀 荣耀20i 3200万AI自拍照渐变色官方旗舰店学生华为手机全面屏,1099,江苏 南京,1264人收货
华为nova5【直降990】HUAWEI nova 5 Pro官方旗舰新手机6正nova5i,1378,广东 深圳,1259人收货
正品朵唯D520翻盖手机老人机大屏大字大声音移动联通电信版老年机超长待机男女款学生价老年手机按键老人手机,118,广东 深圳,1253人收货
【6+64GB低至1299元】红米note8pro6400万四摄4500mAh大电量小米手机拍照智能redmi学生小米官方旗舰店xiaomi,1299,北京,1252人收货
【官方正品】纽曼 L99S 4G移动电信版老年手机大字大声男女款小巧直板按键大屏老人手机非智能学生机超长待机,69,广东 深圳,1252人收货
荣耀9x[直降521]华为honor/荣耀 荣耀9xpro手机新品华为荣耀9xpro,958,河南 郑州,1249人收货
分期Apple/lphone 6s Plus 苹/果6sp苹.果6s国行正品全网通4G手机,890,广东 深圳,1247人收货
【4G全网通】纽曼S9老人机超长待机军工三防正品移动联通电信版老年手机大屏大字大声按键学生款诺基亚智能机,158,广东 深圳,1246人收货
新款6.5寸正品X27水滴屏游戏安卓智能手机学生价超薄指纹全网通4G,118,广东 深圳,1237人收货
华为mate30 5g 降价 HUAWEI HUAWEI Mate 30 Pro莱卡四摄全屏手机,3288,北京,1233人收货
【分期免息】Apple/苹果 iPhone XR iphonexr 苹果XR双卡双待手机,2780,江苏 南京,1232人收货
【6+64G版立减100】OPPO K3 骁龙710屏幕指纹升降全面屏全网通拍照4G智能手机官方游戏oppok3k5,1399,江苏 南京,1231人收货
【三网任选】纽曼 F6移动电信翻盖手机老人机大声大字大屏男女款按键备用老年机翻盖机老年手机超长待机正品,109,广东 深圳,1218人收货
新品Xiaomi/小米 小米CC9 PRO官方旗舰美图定制e手机cc9pro尊享版,2539,广东 深圳,1205人收货
4G全网通老人机超长待机军工三防微信移动联通电信版大声老年手机,149,北京,1202人收货
【官方正品】纽曼U8全网通4G微信WIFI语音播报老人手机移动联通电信4G便宜学生价老年人手机大屏大字超长待机,69,广东 深圳,1199人收货
Apple/苹果 iPhone XR 苹果xr iphonexs 苹果MAX双卡XS手机,1800,广东 深圳,1195人收货
直降价华为mate305G版HUAWEI HUAWEI Mate 30 Pro正品手机保时捷X,3288,广东 深圳,1190人收货
【12期免息赠蓝牙音箱】OPPO Reno2全面屏4800万变焦四摄超清拍照视频防抖智能手机官方旗舰店opporeno2 r17,2999,广东 东莞,1180人收货
Apple/苹果 iPhone 8 Plus苹果8P国行7代5.5英寸iPhone7苹果X手机,1620,上海,1171人收货
Apple/苹果 iPhone 8 Plus 苹果8plus国行手机苹果8X iphone8租赁,1399,广东 深圳,1161人收货
红魔3s代nubia/努比亚电竞游戏手机mars2骁龙855plus三官方黑鲨4,1439,广东 深圳,1158人收货
256G版低至24?9元起+送无线充】Xiaomi/小米 小米9手机9plus官方旗舰店mix4正品10透明尊享版cc9pro官网,2299,广东 深圳,1156人收货
Apple/苹果 iPhone XR苹果xr手机iphonexs max国行双卡全网通手机,3500,广东 深圳,1154人收货
分期Apple/苹果 iPhone 8 Plus 苹果8plus iphone8 iphone8p手机,2200,广东 深圳,1153人收货
【至高省100 3期免息】vivo Z5新品智能4G手机官方正品旗舰店官网屏幕指纹vivoz5 vivoz5x vivoz3,1398,江苏 南京,1150人收货
24期免息 新品vivo X27手机官网全新限量款 vivox27 x27pro x23幻彩版 vovix20手机官方旗舰店vivo 5g全网通,2498,上海,1126人收货
新品【当天发+1000元礼】Huawei/华为 畅享10 Plus官方旗舰店10正品9畅想9plus手机nova5i直降价mate20荣耀5g,1299,广东 深圳,1117人收货
【分期免息】Apple/苹果 iPhone X 苹果8x全新正品国行全网通手机,2730,广东 深圳,1116人收货
现货送无线充/24期分期Apple 苹果 iPhone 11 全网通智能4G苹果11正品手机xs官方官网旗舰店X新品11promax xr,5088,山东 济南,1111人收货
Xiaomi/小米 Redmi Note 8官方旗舰红米note8Pro新手机红米7pro 9,948,广东 深圳,1111人收货
创星（手机） Z9翻盖手机老人机超长待机电信版老年手机大字大声音正品女非智能诺基亚学生手机只可以打电话,139,广东 深圳,1107人收货
vivo Z5x全新正品官方手机 vivoz5x 新品vivoz5限量版 voviz5s z5i z5x z4 vivoz3 z3x z3i z1 y93 bbk旗舰店,1198,广东 东莞,1107人收货
华为畅享9【64G 749】Huawei/华为 畅享9官方授权店官网旗舰正品畅想9plus手机新款 老人学生用 荣耀9X 9Plus,749,广东 深圳,1102人收货
正品五年换新/Nokia/诺基亚 新106老人机超长待机移动直板按键功能学生儿童老年机备用经典小手机官方旗舰店,129,广东 深圳,1100人收货
Xiaomi/小米9Pro 5g版官方旗舰骁龙855plus全面屏10手机mix4pro新,3458,广东 深圳,1100人收货
现货Xiaomi/小米 Redmi K20 Pro红米k20pro官方旗舰新手机尊享版3,1298,广东 深圳,1099人收货
可减950元24期分期当天发Huawei/华为 nova 5 Pro官方旗舰店正品荣耀p30直降mate30新款nova6手机5g全网通p20,2499,广东 深圳,1097人收货
Xiaomi/小米 Redmi 8A 红米8a新手机note8pro小米手机官网旗舰7a,468,广东 深圳,1091人收货
纽曼V7 儿童手机 小学生初中生可爱卡通男女款迷你汽车非智能4G移动电信版卡片超薄只可以打电话老人老年手机,78,广东 深圳,1084人收货
新品上市一加7t手机官网 一加oneplus7T手机全新正品 一加7 骁龙855plus 1+7 1+7t 7pro oneplus官方旗舰店,2999,广东 深圳,1084人收货
顺丰速发【100元优惠券】Huawei/华为 畅享9 PLUS官方旗舰店官网正品nova3/4手机mate20畅想9plus最pro荣耀10,1099,广东 深圳,1078人收货
【直降450元 到手1149】Huawei/华为 nova 4e AI超广角三摄全面屏正品智能关晓彤代言手机nova4e,1149,江苏 南京,1074人收货
分期Apple/苹果 iPhone 8plus 苹果8plus国行手机iphone8苹果8p,2150,广东 深圳,1072人收货
直降520元畅享10plus官网HUAWEI 华为畅享10 plus官方旗舰店手机9,958,广东 深圳,1069人收货
现货Xiaomi/小米 Redmi K20 Pro红米k20pro官方旗舰新手机9尊享版,1298,广东 深圳,1062人收货
创星（手机） X5三防智能手机超长待机路虎全网通4G正品省钱老年老人机大字大声大屏军工oysin便宜诺基亚微信,399,广东 深圳,1057人收货
【购机送无线充电器】苹果11 中移动Apple/iPhone 11苹果手机2019新款全网通智能手机苹果xr xsmax 7plus正品,5258,浙江 杭州,1056人收货
新品OnePlus/一加7TPro官方旗舰手机 1+7t官网一加8手机一加七pro,2149,广东 深圳,1051人收货
Apple/苹果 iPhone XR iphonexr 苹果XR手机 双卡双待 xs max 8x,2710,北京,1045人收货
当天发【12期免息】华为honor/荣耀 荣耀20青春版手机官方旗舰店新款v30pro正品全网通20pro/i非5g手机9x pro,1199,安徽 合肥,1043人收货
正品ivvi P60(i8)学生价4g全面屏安卓大屏游戏电信全网通智能手机,348,广东 深圳,1042人收货
小辣椒K3学生手机迷你超薄卡片手机男女款非智能移动电信4G戒网瘾网红小手机儿童初高中生只可以打电话老年机,128,广东 深圳,1040人收货
可减350元华为Honor荣耀9X系列麒麟810全网通智能手机全新官方旗舰店官网正品最新款荣燿9xpro华为荣耀x9直降,1099,广东 深圳,1036人收货
小辣椒迷你卡片智能手机网红同款学生价超薄全网通电信4G小手机可爱男女超小可上网全面小屏备用特小袖珍手机,389,广东 深圳,1029人收货
可减500元送天猫精灵/华为HONOR 荣耀V20全面屏手机官方旗舰店官网正品magic3青春版预定新V20pro直降麒麟v30,1699,山东 济南,1027人收货
Apple/苹果 iPhone XS Max苹果xs max苹果xr美版无锁4G双卡手机8X,3380,广东 深圳,1022人收货
【下单减200】OPPO Reno Ace opporenoace手机新款上市oppoace新品reno2 0ppofind未来xr17pro 0pp0reno3 r19,2999,广东 广州,1018人收货
小米多亲ai手机2小爱同学多亲ai助手qin4G全网通功能备用电信小米直板按键非智能可微信学生老年老人特小手机,299,广东 深圳,1009人收货
【套餐赠耳机+碎屏险】OPPOReno Ace骁龙855plus智能游戏手机全面屏65W闪充官方旗舰店opporeno3,2999,江苏 南京,1004人收货
关爱心G2儿童手机卡片小学生手机只可以打电话迷你卡通可爱超薄非智能移动电信版男女初中生专用戒网瘾小手机,68,广东 深圳,1003人收货
【新品上市 6期免息】Huawei/华为 nova 6 SE超级快充4800万AI四摄大运存智能手机华为官方旗舰店,2199,广东 深圳,998人收货
【低至899元】华为旗下HONOR/荣耀8X全面屏手机屏占比高达91%智能学生青春正品官方旗舰店10青春版,1099,广东 深圳,995人收货
优惠900元/分期免息Huawei/华为nova 5 Pro 手机官方旗舰店官网6se正品P30直降mate30新品5g荣耀V30全网通P20,2499,辽宁 大连,993人收货
【12期免息+乐心手环】HUAWEI/华为Mate30 全网通4G智能手机麒麟990徕卡拍照手机旗舰新品官方正品,3999,江苏 南京,993人收货
华为nova5z【免息立减260】HUAWEI nova 5z手机官方正品nova5i,1358,广东 深圳,989人收货
Apple/lPhone 6splus 苹.果6sp 苹.果6s手机7代7plus全网通正品7p,930,广东 深圳,988人收货
【到手价599】华为HONOR/荣耀畅玩8A全面屏4G智能手机官网正品学生官方旗舰店全网通8X20i,599,江苏 南京,988人收货
创星 X5三防老人智能手机超长待机安卓全网通4G老年机防水大字大声大屏正品送适用于oppo小米vivo华为耳机,399,广东 深圳,987人收货
【4G全网通】创星S1C老年手机超长待机大屏大字大声音移动联通电信版正品直板按键军工三防学生女款老人机,168,广东 深圳,987人收货
【200优惠券+送好礼】Huawei/华为 nova 5 Pro新款手机官方旗舰店降价5g全网通mate30官网prop30正品5i荣耀6,2699,广东 深圳,981人收货
正品coolpad/酷派酷玩7c学生价智能手机全网通4g全面屏游戏官方旗舰店大屏游戏送适用于oppo小米vivo华为耳机,489,广东 深圳,979人收货
【至高直降700 6期免息】一加7Pro手机全新正品OnePlus7pro 骁龙855 7t  1+7T 一加7手机官方旗舰官网 7tpro,3499,广东 深圳,973人收货
【12期免息/可减240元】华为honor/荣耀 荣耀20i全面屏全网通手机官方旗舰店新品直降青春正品V20s官网9xpro,999,广东 深圳,964人收货
Apple/苹果 iPhone X 苹果x 苹果8手机 iphone8Plus正品分期免息,2200,广东 深圳,955人收货
Huawei/华为T2010全网通移动联通4G老人手机大声大字体电信老年机,125,广东 深圳,951人收货
Apple/苹果 iPhone XS Max苹果xsmax 苹果8x xr双卡手机 iPhonexr,3300,广东 深圳,951人收货
纽曼 N99三防军工直板老年手机老人机超长待机大屏大字大声移动电信老人手机正品女款学生功能按键备用小手机,58,广东 惠州,950人收货
Apple/苹果 iPhone X苹果8x美版三网 国行iPhonex 256G苹果xs手机,3499,广东 深圳,950人收货
长虹 GA528正品老人手机大字大屏大声音超长待机4G全网通移动电信版直板老年手机联通女功能按键小学生手机,168,广东 深圳,950人收货
创星 R9超薄超小迷你卡片手机移动电信版男女高中初中小学生儿童戒网备用非智能学生只可以打电话网红小手机,128,广东 深圳,946人收货
新品【200元优惠券+送900元礼】Huawei/华为 nova 4e官方旗舰店手机正品nova4官网Mate20pro荣耀p30直降/5,1599,广东 深圳,943人收货
硕王 S3老人机超长待机4G全网通正品军工三防老年机大屏大字大声直板按键移动联通电信版学生功能老年人手机,69,广东 深圳,941人收货
【立减200】OPPO Reno Ace opporenoace手机新款上市 oppoace高达定制版r19 r17pro 0ppo未来x 0pp0reno3 2,2999,上海,940人收货
2019新款 Nokia/诺基亚新106老人机直板按键功能机老年手机正品官方旗舰店经典怀旧学生备用儿童迷你小手机,139,广东 深圳,926人收货
可减350元【24期分期/送果汁机/心率手环】华为HONOR荣耀9X系列官方旗舰店手机20s官网20i/8x/9xpro/play3,1199,广东 深圳,924人收货
【下单立减100元 3期免息】Samsung/三星 Galaxy M30s SM-M3070 6000大毫安电池 智能拍照娱乐视频4G手机,1699,北京,922人收货
P30水滴屏全面屏全网通老人大屏智能游戏学生价手机超薄正品VDVD,298,广东 深圳,913人收货
【12期免息】Apple/苹果iPhone 11 2019新款苹果11 新品iphone11 apple智能拍照手机,5499,浙江 杭州,910人收货
【送45W快充 12期免息】Samsung/三星Galaxy Note10+SM-N9760 5G骁龙855 S Pen智能拍照 旗舰手机,7999,北京,910人收货
DOOV/朵唯P9正品8核128GB全网通4G学生游戏超薄安卓双卡指纹全面水滴屏便宜老人老年智能手机男女款超长待机,489,广东 深圳,900人收货
【6期免息赠耳机】红米k30 索尼6400万四摄官方旗舰官网正品新品120Hz智能4g全网通小米手机k30 redmi k20pro,1699,江苏 南京,898人收货
Apple/苹果 iPhone X  苹果x iphonex  xs max苹果8x国行正品手机,3600,广东 深圳,895人收货
Apple/苹果 iPhone 11 Pro Max苹果11promax国行无锁美版三网手机,3550,上海,894人收货
128G版到手1199起+选手环 Xiaomi/小米红米Note8Pro手机 官方旗舰店小米8青春版RedmiK30官网7小米8se米9plus,1099,山东 济南,890人收货
Apple/苹果 iPhone 8 Plus 全新正品国行美版三网通手机iPhone 8x,1399,广东 深圳,885人收货
花呗免息OPPO R11手机全网通 R9指纹解锁双卡OPPOR9S智能拍照手机,699,广东 深圳,874人收货
分期花呗Apple/lPhone 6splus 苹.果6sp 苹.果6s手机全网通正品4G,888,上海,873人收货
飞利浦E331K老人机超长待机直板按键大屏大字大声音移动电信版4G全网通小学生男女款迷你功能备用机老年手机,98,广东 深圳,872人收货
咨询减30 顺丰当天发honor/华为荣耀10青春版 手机官方旗舰店降价8x荣耀v20 20i 荣耀9x play3官网正品荣耀20,858,广东 深圳,867人收货
Apple/苹果 iPhone XR手机iphonexr双卡双待128g国行xs max 8x 4G,3500,广东 深圳,866人收货
Philips/飞利浦 E163K 老人机超长待机直板按键大屏大字大声移动联通2G老年手机军工女款小学生迷你备用机,119,江苏 南京,859人收货
【立减460元】华为honor/荣耀 荣耀V30 Pro5G手机v30荣耀5g版手机,3028,广东 深圳,845人收货
Apple/lPhone 6splus 苹.果6sp 苹.果6s手机7代7plus全网通正品7p,814,广东 深圳,845人收货
【6期免息减100】vivo iQOO Neo 855竞速版高通骁龙855Plus处理器游戏vivoiqooneo iqooneo vivo新iqoo 手机,2598,广东 东莞,842人收货
限时减200元 新款上市 OPPO K5 oppok5手机oppok7旗舰新品 oppok3 oppok5 oppor17 oppok6 未来x a5 0ppo手机,1799,上海,841人收货
官方直降价2700 Huawei/华为 Mate 20 Pro正品手机mate20x5g版P30,1898,广东 深圳,837人收货
优惠800【6期免息】Huawei/华为 nova 5 Pro官方旗舰店正品华为nova5pro手机5g新款6网p30直降mate30荣耀p20,2499,北京,829人收货
华为nova5直降1000正品HUAWEI nova 5 Pro官方旗舰店nova5i手机6,1368,广东 深圳,829人收货
【直降430元】华为honor/荣耀 荣耀V30 Pro5G手机v30荣耀5g版新,3038,广东 深圳,828人收货
【领券减100+送天猫精灵】Xiaomi/小米 红米note8手机 官方旗舰店9se官网RedmiNote8pro小米8青春版 note9pro,999,山东 济南,825人收货
一加7pro OnePlus/一加 GM1910手机官方旗舰官网7t1+7pro 1加7pro,2149,广东 深圳,824人收货
可省520元+当天发货/华为honor/荣耀20S全网通手机官方旗舰店正品play3新款20s直降20i官网9x系列x9青春20pro,1599,广东 深圳,821人收货
【6期免息】红米k20pro尊享版骁龙855Plus大存储智能游戏学会手机小米官方旗舰店redmi正品xiaomi,2399,北京,818人收货
vivo y67全网通手机指纹 vivoy67手机Y66手机美颜拍照VIVO Y67,260,广东 深圳,815人收货
Samsung/三星 Galaxy S10+ SM-G9750三星S10美版港版手机note10,2458,上海,814人收货
正品老人手机大屏大字声老年机超长待机移动电信全网通4G智能手机,258,广东 深圳,813人收货
华为nova5pro 直降990 HUAWEI NOVA5Pro官方旗舰p30新手机6nova5i,1388,广东 深圳,811人收货
华为nova5z【免息立减230】HUAWEI nova 5z手机官方正品nova5Z 5i,1369,河南 郑州,810人收货
【享12期免息】SMARTISAN/锤子坚果Pro3手机 新品高通骁龙855Plus大电池四摄智能手机官方旗舰店,2599,广东 深圳,806人收货
当天发24期送1500礼HUAWEI/华为 Mate 30 Pro 5G版手机官方旗舰店正品新款mate30pro5g全网通折叠机p30直降40,6399,广东 深圳,800人收货
【可省200 新款上市】OPPO K5 oppok5新品手机oppo未来x oppok5 oppok7 k3 oppoa9 a11 oppor17 r19 0ppo手机,1799,山东 济南,800人收货
【6期免息 限时特惠150】Meizu/魅族Note9骁龙675长续航大电池4800万双摄学生拍照智能手机官方店正品,1199,广东 珠海,798人收货
Apple/苹果 iPhone XS Max 苹果xsmax苹果XR美版4G国行双卡手机8X,3668,广东 深圳,792人收货
【3期免息 至高省300】vivo iQOO Neo骁龙855版游戏指纹智能新品手机vivoiqooneo iqooneo855vivoiqoo,2198,江苏 南京,790人收货
纽曼 P20三防智能手机超长待机老年老人机大屏大声大字大容量大电池防摔防水军工户外全网通4g官方旗舰店旗舰,899,广东 深圳,788人收货
直降1971+套餐0元 honor/荣耀 荣耀V20 全面屏手机华为荣耀20pro,1228,广东 深圳,785人收货
K-Touch/天语 Q3 正品老人机超长待机三防军工直板老年手机大屏大字大声音移动联通版学生按键手机,138,江苏 南京,784人收货
皓轩 H5军工三防老人机超长待机女款大屏大字大声直板按键移动电信版老年手机正品学生功能天翼备用小手机,39,广东 深圳,783人收货
减960元24期分期Huawei/华为 nova 5 Pro 华为手机官方旗舰店正品直降5g全网通p20荣耀p30pro新nova5款mate30,2499,山东 济南,782人收货
【送座充】创星手机 Z9老人机翻盖手机超长待机正品老年手机大字大屏大声音移动电信版按键学生男女款小手机,139,广东 深圳,780人收货
立省500元 新品vivo Z5手机 vivoz5 限量版 z5vivo vivoz5x手机 vivox27 iqoopro nex3 5g x23pro vivo手机,1398,山东 济南,780人收货
咨询可减50+选无线充 Xiaomi/小米9手机Plus九pro官网旗舰店cc9顶配9se透明8尊享版mix3官网10红米K20骁龙855,2399,上海,776人收货
【立减700】OPPO K3 oppok3新品手机限量版oppo未来x 0ppok3新款上市k5k7 0pp0k1 oppor17r19 r15 a9x a7 a5,1399,上海,771人收货
【64G闪降120元】Xiaomi/小米红米8A手机 Redmi8A官方旗舰店7A官网红米8pro6老人学生note7pro 骁龙439 note5,659,山东 济南,765人收货
【买就赠礼品限时特惠400 】Meizu/魅族 X8准旗舰游戏拍照骁龙710游戏智能颜值手机学生机商务机官方旗舰正品,898,广东 珠海,752人收货
【下单至高省100】vivo iQOO Neo 高通骁龙845处理器游戏指纹全面屏智能手机正品vivoiqooneo iqooneo 新iqoo,2098,广东 东莞,750人收货
【送天猫精灵】Oppo K5 oppok5手机oppo未来x oppok5新款上市k3 k7 oppok1 oppor17 r19 r15 a9x a7 a5,1799,广东 深圳,749人收货
正品vivl P90超薄6.5英寸水滴屏全网通4g安卓智能手机学生机游戏,358,广东 深圳,749人收货
华为荣耀9X直降honor/荣耀 荣耀9X PRO新品手机官网华为荣耀9xpro,898,广东 深圳,749人收货
[限时直降300]vivo Z5X 新品vivoz5x手机限量版 z5x vivoz5 s1 x21 z1 vivox20 x23 z3i vivox27 5g vivo手机,1298,上海,745人收货
朵唯W88 儿童手机小学生可爱卡通男女款定位迷你非智能移动电信版棒棒小孩初中卡片老年老人手机只可以打电话,78,广东 深圳,745人收货
【1月1日享优惠800】Huawei/华为 Mate 20 Pro 曲面屏后置徕卡三摄980芯片智能手机mate20pro华为官方旗舰店,3999,广东 深圳,737人收货
【至高直降600 6期免息】Meizu/魅族16x骁龙7104G全网通八核旗舰双摄全面屏屏下指纹商务手机官方店正品,1098,广东 珠海,736人收货
下单省400元 新品vivo Z5手机vivoz5限量版vivoz5x高配 vivo新z5x正品z5vivo手机vivox27 iqoo z1 vivoz3i,1398,广东 东莞,734人收货
K-Touch/天语 T2老人机超长待机直板大屏大字大声老年手机学生功能移动按键手机 官方正品,79,江苏 南京,733人收货
Apple/lPhone 6splus 苹.果6sp 苹.果6s手机7代7plus全新正品4G,950,广东 深圳,732人收货
Apple/lPhone 6splus 苹.果6sp 苹.果6s手机7代7plus全网通正品7p,930,广东 深圳,731人收货
vivo iQOO Pro 5G版全网通手机vivoiqoopro iqoopro 5g iq00 iqqo,3198,广东 东莞,729人收货
【至高省240】华为HONOR 荣耀Play3全网通手机官方旗舰店20i正品8x降价9xpro麒麟710新款paly3荣耀10青春v30,699,广东 深圳,722人收货
优惠1850元24期分期当天发Huawei/华为 P30 Pro官方旗舰店正品荣耀p30pro直降mate30 pro全网通5g手机20新p40,3388,广东 深圳,722人收货
直降现货免息送礼华为honor/荣耀8X手机全网通官方旗舰店正品华为荣耀9x/20i/10青春版8xmax降价v30非5g畅享9,868,广东 深圳,721人收货
vivo Z1i全面屏大内存4G移动专属定制智能官方旗舰店官网全新正品智能手机,1099,广东 东莞,719人收货
YEPEN/誉品N2卡片直板手机超薄非智能戒网迷你超小袖珍学生男女备用儿童初中只能接打电话电信联通4G抖音同款,118,广东 深圳,718人收货
【到手999起丨直降400元】Meitu/美图 T9美颜自拍全网通美图手机旗舰店官方T8s正品m8 m8s t8 m6s V6 V7,999,广东 深圳,717人收货
【现货当天发】华为荣耀Play3 麒麟710F八核全网通智能plya3e手机官方旗舰店官网piay3全新正品新荣耀paly3,799,广东 深圳,712人收货
老人智能手机大字大声大屏老年机电信版联通移动天翼超长待机K-Touch/天语X27便宜学生价手机4g全网通老人机,399,广东 深圳,711人收货
华为mate30Pro现货直降HUAWEI HUAWEI Mate 30 Pro保时捷5g版手机,3288,北京,707人收货
官方Xiaomi/小米 redmi note 7 pro红米note7pro小金刚手机cc9 8,799,广东 深圳,703人收货
正品朵唯小朵S1触屏手写微信QQ全网通4G按键智能手机联通电信版小学生价女款老人手机大字大声老年机超长待机,299,广东 深圳,702人收货
【省700 享12期免息】vivo NEX 3 5G高通骁龙855Plus处理器游戏屏幕指纹手机旗舰vivonex3 vivonex nex限量版,5698,广东 东莞,700人收货
【下单立减189元】Apple/苹果 iPhone 8 Plus 64G 全网通4G手机 官方正品苹果iPhone8plus 苹果8p,4388,江苏 南京,698人收货
现货当天发Xiaomi/小米 Redmi K30 5G红米k30pro官方手机20尊享版,1448,广东 深圳,696人收货
【12期免息加赠音箱】OPPO Reno opporeno全面屏正品官方旗舰4800万超清拍照智能手机R15 R17,2499,广东 东莞,695人收货
直降800】华为honor/荣耀 荣耀20i 全面屏官方新手机荣耀20pro 9x,858,广东 深圳,692人收货
一万毫安大电池纽曼P20刘海屏三防军工智能手机电霸防摔超长待机王老年老人机大屏大字备用户外全网通4G正品5,899,广东 深圳,684人收货
3期免息】Xiaomi/小米 小米CC 9E美图定制版cc9pro官方旗舰手机se,918,广东 深圳,684人收货
分期免息Apple/苹果 iPhone XR苹果xr iPhonexsmax国行双卡4G手机,3500,广东 深圳,680人收货
直降500元/官网HUAWEI 华为畅享10 plus 官方正品旗舰新手机畅想9,958,广东 深圳,676人收货
【限时6期免息】华为HONOR/荣耀V30双模5G麒麟990苏宁易购官方旗舰店全新正品华为v30手机双模5g,3299,江苏 南京,673人收货
Philips/飞利浦 E108 长待手机男女款双卡时尚新款上班用无摄像头备用机按键老年机直板功机小学生迷你老人机,79,上海,672人收货
【可省300】OPPO Reno Ace opporenoace手机新款上市oppoace高达0ppo未来x opporeno3pro oppor17 r19 reno2z,2999,山东 济南,672人收货
【直降450】华为honor/荣耀 荣耀V30 Pro 5G手机v30荣耀5G版手机3,3028,广东 深圳,670人收货
优惠1200元24期分期当天发Huawei/华为 P30 官方旗舰店正品华为p30 pro直降5g手机p40新荣耀mate30全网通p10,3388,广东 深圳,669人收货
【声音大】纽曼L520移动直板老人手机大字大声大屏超长待机正品按键学生功能机大按键电信简单版老年手机,148,广东 深圳,669人收货
【立减200】OPPO K5 oppok5手机限量版新款上市 oppo新品手机k5 0ppok5 k5x k5pro k3 k7 0pp0r17 r19 k4 k6,1799,上海,667人收货
分期免息Apple/苹果 iPhone XR苹果xr iphonexr手机 xs max双卡8x,3450,上海,663人收货
【咨询低至868元起】华为HONOR荣耀10青春版全面屏手机降价9x三际20i官方旗舰店play3官网20s爆款11x正品8x,868,山东 济南,662人收货
R20八核128G水滴屏全网通4G学生价游戏超薄安卓大字大声超长待机智能手机送小米鼠荣耀oppo华为vivo耳机SAILF,398,广东 深圳,661人收货
【送碎屏险64G直降120元】Xiaomi/小米 Redmi 红米8A小米官方旗舰店官网正品note8 pro学生智能千元老人手机,469,上海,660人收货
GINEEK/京立 L660移动翻盖手机联通电信老人机双卡大字大声老年机,79,江苏 常州,657人收货
【12期免息+1年碎屏险】OPPO Reno opporeno手机旗舰oppo新款上市opporeno3 10倍变焦oppor17 未来findx手机,1999,上海,656人收货
【购机享6期免息】小米CC9美图定制版智能游戏学生女性手机大屏大字小米官方旗舰店xiaomi,1999,北京,655人收货
索爱 官方T1老人手机直板超长待机三防老年机移动电信版手机大屏大字大声老人机正品大按键全网通女老年手机,89,广东 深圳,655人收货
小辣椒 R17超薄微型迷你智能卡片手机男生女生学生儿童移动联通全网通4G正品网红小手机备用超小袖珍抖音同款,389,广东 深圳,654人收货
【26日下单至高立省100元丨3期免息】 Meitu/美图 T9美图T9手机新款双卡双待美颜拍照手机 美图手机正品,999,福建 厦门,650人收货
现货直降价华为HUAWEI HUAWEI Mate 30 Pro 5G 全面屏旗舰5G手机,3418,浙江 杭州,648人收货
华为C2829天翼电信4G老人手机经典直板按键学生备用电信老年机,25,广东 深圳,645人收货
分期免息738元现货当天发/Huawei/华为畅享9手机华为官方旗舰店官网正品华为畅享9plus手机畅享9E/10plus手机,748,广东 深圳,645人收货
Apple/苹果 iPhone XR苹果xr国行正品双卡双待iphonexr全网通手机,2780,广东 深圳,643人收货
【当天发直降200/分期免息】Huawei/华为畅享10 plus华为官方旗舰店官网荣耀9x畅想9plus华为10plus手机NOVA5,999,广东 深圳,643人收货
【可减500元/直降免息】华为honor/荣耀 荣耀V20手机麒麟980官方旗舰店官网正品降价新品v30pro联名版magic3,1699,广东 深圳,643人收货
索品 S2 老年手机超长待机按键直板老人手机大屏大字大声移动电信版正品非智能功能机女款学生天翼备用小手机,49,广东 深圳,642人收货
分期免息 Apple/苹果 iPhone X 苹果8x全新国行iphonex全网通手机,2380,广东 深圳,641人收货
分期免息Apple/苹果 iPhone XS Max苹果xsmax苹果xr双卡国行手机,3550,广东 深圳,641人收货
【4+64G低至749】红米8A 大电量大屏幕智能游戏学生老年人手机小米官方旗舰店官网redmi红米8a正品,699,北京,637人收货
华为荣耀9X【直降531元】honor/荣耀 荣耀9xPRO手机官方荣耀9xpro,898,广东 深圳,637人收货
koobee/酷比Y3正品6.59英寸水滴全面屏大屏大电池4G全网通学生价游戏手机中老年人智能双卡双待安卓超薄指纹,488,广东 深圳,632人收货
优惠500当天发24期分期HUAWEI/华为 Mate 30 5G版手机官方旗舰店正品mate30pro5g全网通荣耀p30直降x折叠机40,4999,广东 深圳,629人收货
可省520元当天发货/华为HONOR 荣耀20S全网通手机9x官方旗舰店20i直降play3降价青春版10新款20pro青春x9新款,1599,山东 济南,627人收货
Apple/苹果 iPhone 8 Plus 苹果8Plus 国行全网通4G手机分期免息,2700,广东 深圳,627人收货
【可减510元当天发货】华为HONOR荣耀V20手机麒麟980官方旗舰店官网正品降价新品v20pro联名版magic3分期免息,1699,广东 深圳,626人收货
诺基亚老人手机超薄大字移动双卡翻盖老年机电信超长待机4G老人机,168,广东 深圳,625人收货
【限时直降200赠蓝牙音箱】OPPO Reno2 Z全面屏正品官方旗舰新品全网通4800万超清拍照智能手机R15 R17,2299,广东 东莞,624人收货
Xiaomi/小米 小米CC 9美图定制版cc9pro小仙女手机官方尊享9e,918,广东 深圳,624人收货
直降1800送无线充华为HUAWEI HUAWEI P30 PRO官方正品mate30手机,2678,广东 深圳,623人收货
【至高立减400 64GB赠耳机】realme 真我X2 Pro骁龙855Plus 50W闪充6400W四摄90Hz流体屏realmex2pro手机,2699,广东 东莞,620人收货
百合BIHEE I100G 移动电信版翻盖老年手机大字大声老人机超长待机,149,广东 深圳,618人收货
新款小辣椒P60全网通4GType-c闪充8+128g后1600万双摄像安卓智能学生游戏拍照手机双卡微商多开正品超长待机,499,广东 深圳,617人收货
【至高立省300】realme 真我X2四摄骁龙730G 30W闪充屏下指纹 NFC全网通realmeX2学生老人手机,1699,江苏 南京,616人收货
4G全网通微信触屏老人手机大字大声超长待机移动联通电信版老年机,165,北京,615人收货
【下单立减200元】Apple/苹果 iPhone 8 128G 移动联通电信全网通4G智能手机,3999,江苏 南京,615人收货
vivo y67全网通4G手机指纹y66超薄大屏全新老年机学生新品VIVOY67,358,广东 深圳,614人收货
诺基亚翻盖老人机电信移动4G全网通超长待机老年手机大字大声大屏,178,广东 深圳,613人收货
华为荣耀20pro honor/荣耀 荣耀20 pro手机官方直降v20新荣耀20,1999,广东 深圳,611人收货
【限时直降200加赠耳机】OPPO A11 超清AI四摄大内存长续航全面屏学生老人智能手机,1299,广东 东莞,609人收货
优惠400【当天发+送900元礼】Huawei/华为nova 5i Pro手机9x官方旗舰店nova5ipro正品5prop30直降mate20x荣耀,1799,广东 深圳,604人收货
分期免息Apple/苹.果 i.Phone SE 全新5se国行正品三网通4G手机,850,广东 深圳,602人收货
Philips/飞利浦 E107 直板手机 老人手机大字大声超长待机 老年机 移动商务学生备用机 老人机,79,江苏 南京,601人收货
分期免息Samsung/三星 GALAXY S9 S9Plus 盖乐世S9港版全网通手机,1599,广东 深圳,598人收货
可减350元当天发免息送礼华为HONOR荣耀9X新品手机全网通官方旗舰店官网正品华为荣耀9xpro/8x/10/20i青春版,1099,广东 深圳,595人收货
【低至699元送耳机】OPPO A5手机全面屏oppoa5全新手机oppo限量超薄 a5 oppok1手机a57 a9 a3 r15 a7x 0ppo,699,广东 深圳,595人收货
Huawei/华为 畅享5S老年人机智能手机全网通移动电信大屏大字大声,300,广东 深圳,592人收货
vivo Z5x极点全面屏高通骁龙710大电池智能手机官方正品手机新品vivoz5x限量版 z3x,1298,广东 东莞,591人收货
vivo y67全网通指纹 vivoy67老人学生手机美颜vivo y66 Y51a x7,328,广东 深圳,587人收货
【6期免息 至高省500】vivo iQOO Pro 5G骁龙855Plus游戏全面屏指纹旗舰vivoiqoopro5g手机iqoopro iqoo,3498,江苏 南京,585人收货
12期花呗免息领170元券/华为HONO 荣耀20PRO全面屏手机直降降价x9新荣耀20pro预售V20旗舰店20pro新品30pro,2699,山东 济南,582人收货
【26日下单至高立省100丨3期免息】Meitu/美图T9美少女战士限量版T9樱桃小丸子T9哆啦A梦T9幻彩版手机,1299,福建 厦门,582人收货
下单立减100 vivo z5全新官网正品手机 vivoz5 z5s vivoz3 z3x u1 z1青春版 z5限量版 z5vivo手机 vivoz5x z5,1398,上海,581人收货
Xiaomi/小米 Redmi K30 5G骁龙855plus 红米k30pro官方尊享5g手机,1468,广东 深圳,580人收货
正品天语Q3全网通4G移动联通电信版男女老人机超长待机军工三防老年手机大屏大字大声音天翼功能小学生备用机,98,广西 桂林,579人收货
现货直降HUAWEI HUAWEI Mate 30 Pro华为保时捷5G手机mate30prox,3408,浙江 杭州,575人收货
Samsung/三星 GALAXY S8+plus 港版美版s8全网通4G曲面屏智能手机,1280,上海,573人收货
正品直降华为honor/荣耀 荣耀Play3官方千元旗舰手机9x荣耀paly3e,519,广东 深圳,572人收货
送壕礼/24期分期/Huawei/华为 nova 4e中移动手机正品官方旗舰店2 pro 4 3 3i  3e 5 4e直降 5i 5z 6,1118,浙江 杭州,570人收货
华为mate30 5G 降价HUAWEI HUAWEI Mate 30 Pro官网正品智能手机,3418,广东 深圳,570人收货
降1381华为mate305G HUAWEI HUAWEI Mate 30 Pro 5G版手机保时捷x,3428,广东 深圳,565人收货
24期分期/当天发【新品】Huawei/华为 华为畅享10 plus 手机官网官方旗舰店畅想10plus/Nova非5g正品手机降价,1199,安徽 合肥,563人收货
皓轩（手机）H6老人机超长待机直板女大声按键移动电信老年人手机,39,广东 深圳,563人收货
24期分期/送壕礼/质保3年/Huawei/华为 畅享9 PLUS中移动手机正品官方旗舰店 9S 9e  畅想MAX plus 9X 10,838,浙江 杭州,559人收货
分期免息Apple/苹果 iPhone 8 Plus 全网通4G全新国行iphone8手机,1118,广东 深圳,558人收货
诺基亚老人手机超长待机大屏大字大声老年全网通4G电信联通经典款,118,广东 东莞,554人收货
花呗分期Apple/苹.果6s plus国行正品苹.果6s手机6sp全新三网通4g,880,广东 深圳,554人收货
12期分期免息领100元券/华为HONOR 荣耀20手机官方旗舰店V20降价magic3官网正品11x青春9x直降30pro麒麟v30,2199,山东 济南,551人收货
诺基亚2610直板按键经典老款移动联通老人手机学生功能备用老年机,36,广东 深圳,551人收货
Apple/苹果 iPhone XS Max苹果xsmax苹果 xs xr双卡iPhonex 手机x,3170,广东 深圳,545人收货
【1月1日享300优惠券】Huawei/华为 nova 5超级夜景4800万AI四摄超级快充智能手机nova5华为官方旗舰店,2599,广东 深圳,543人收货
8+512G低至24?9起+选天猫精灵 Xiaomi/小米红米k20pro尊享版手机官方旗舰店RedmiK20Pro官网骁龙855plus新K30,2499,山东 济南,541人收货
【优惠950/24期分期】Huawei/华为 nova 5 Pro手机官方旗舰店正品nova5直降5g手机全网通华为p30pro6期免息,2499,上海,539人收货
降价华为mate30急速发HUAWEI HUAWEI Mate 30 Pro5G智能正品手机,3388,广东 深圳,536人收货
【享12期免息】SMARTISAN/锤子坚果Pro3 855Plus大电池四摄智能手机官方旗舰坚果,2799,江苏 南京,535人收货
DOOV/朵唯A55学生价游戏智能手机全面屏超薄全网通4G老人老年官方旗舰安卓正品送适用于oppo小米vivo华为耳机,399,广东 深圳,534人收货
【自提返现300元】 Apple苹果iPhone 11移动联通电信全网通智能4G手机官方官网X旗舰店7 11pro xr,5299,湖北 武汉,533人收货
Apple/苹果 iPhone XR国行双卡双待iphonexr苹果x全网通正品手机,3550,广东 深圳,532人收货
24期分期当天发送AI音箱Huawei/华为Mate 30 Pro 5G手机mate30pro5G版正品官方旗舰店P30直降matex折叠rs新款,6399,山东 济南,532人收货
分期Apple/苹果 iPhone 8苹果8plus国行美版8代全网通7P手机8x,2350,广东 深圳,532人收货
花呗分期Apple/iPhone 6splus 苹.果6sp 苹.果6s手机全网通正品4G,850,广东 深圳,532人收货
直降200元 vivo X27全新手机 vivo官网官方旗舰店 vivox27 x27pro新品×27 s1vivoiqoopro vivo新nex27限量版,2498,广东 东莞,531人收货
Xiaomi/小米 红米6a 5A 3S 4A全网通4G支持人脸解锁智能手机正品,209,广东 深圳,531人收货
官方Xiaomi/小米 redmi note 7 pro新手机8红米Note7Pro小金刚k20,799,广东 深圳,530人收货
vivo S1Pro3200万高清自拍全面屏智能拍照手机官方旗舰店官网新款上市s1pro  s1 x27,1698,广东 东莞,528人收货
Nokia/诺基亚1110超长待机直板按键备用学生老人老款怀旧经典手机,29,广东 深圳,524人收货
【11年老店】Apple/苹果 iPhone 11Pro Max 新款苹果手机iPhone11,3465,广东 深圳,524人收货
华为【直降541+碎屏险】honor/荣耀 荣耀9xPro华为荣耀9xpr新手机,899,广东 深圳,522人收货
优惠600【当天发+24期分期】Huawei/华为nova 5i Pro手机官方旗舰店新款nova5i pro正品畅享10plus非5g手机5z,1799,安徽 合肥,521人收货
YEPEN/誉品 M560 正品4G全网通老年机翻盖手机大屏大字大声音老人手机超长待机男女款移动诺基亚学生老人机,99,广东 深圳,520人收货
【12期免息+减430元】华为HONOR/荣耀20 PRO直降全面屏网通手机9x官方旗舰店正v20s官网8x新品magic23麒麟980,2699,上海,520人收货
【最高直降200】Huawei/华为 畅享9 Plus 全面屏超清大屏四摄学生智能手机畅享9p,1449,广东 深圳,514人收货
【购机享好礼】HUAWEI/华为畅享10 Plus大电池升降摄像头智能手机 华为官方旗舰正品苏宁直发,1399,江苏 南京,513人收货
黑鲨2pro[送手柄]Xiaomi/小米 黑鲨游戏手机2Pro 黑鲨3代手机2pro,1169,广东 深圳,510人收货
【可减240元+当天发】华为honor/荣耀Play3手机全网通plya3e官方旗舰店官网新款piay3全新正品新荣耀paly3,699,广东 深圳,504人收货
分期免息 Apple/苹果 iPhone XR 苹果xr美版 iphonexr无锁手机XS,2398,上海,503人收货
官网Xiaomi/小米 Redmi 8 红米8a全面屏智能新手机官方正品小米7x,528,广东 深圳,503人收货
【立减100】Huawei/华为麦芒 8全面屏AI三摄超级夜景智能手机华为正品官方手机华为官方旗舰店,1599,广东 深圳,503人收货
Samsung/三星B309电信4g版老人机直板按键老年款小手机学生备用机,49,广东 深圳,501人收货
vivl X27水滴屏全网通4G超薄学生价吃鸡游戏安卓智能一体手机正品,148,浙江 杭州,500人收货
官网Xiaomi/小米 Redmi 7 红米7a全面屏7pro官方正品新手机小米8x,478,广东 深圳,499人收货
【晒单有礼】OPPO A5 全面屏AI双摄美颜拍照长续航正品学生老人智能全网通4G手机oppoa5,899,广东 东莞,499人收货
电霸4G全网通老人机超长待机大屏大声大字移动联通电信版老年手机,79,上海,498人收货
诺基亚超薄移动双卡翻盖老年机大字大声 老人手机电信超长待机4G,208,广东 深圳,497人收货
当天发/选送AI音箱无线充 24期分期/Huawei/华为Mate 30 Pro 5G手机mate30pro5G官方旗舰店P30直降mate20新品,6399,浙江 杭州,497人收货
【至高立省400】vivo Z5 全网通手机 vivoz5 vivox27 vivoy93 vivox21 z1 x20 x23 z5i vivoz5x 5g vivo手机,1398,上海,496人收货
【限时特惠300】Meizu/魅族16thPlus骁龙845八核散热超窄边框全面屏屏下指纹拍照正品手机官方旗舰店正品,2098,广东 珠海,496人收货
Apple/苹果 iPhone 8 Plus国行美版苹果8代苹果8P5.5寸全网通手机,1850,广东 深圳,494人收货
【低至1699元】华为旗下HONOR/荣耀Magic2滑盖全面屏官网正品超级快充麒麟980官方旗舰店新手机v20,1699,广东 深圳,494人收货
正品Nokia/诺基亚 105新老人机超长待机直板按键大字大声经典老年机学生儿童备用迷你怀旧小手机官方旗舰店,119,广东 深圳,494人收货
Meizu/魅族魅蓝note6双卡 双待全网通4g老人备用智能手机note5/3,213,广东 深圳,493人收货
8+256G版2499起+送无线充 xiaomi/小米9手机 plus官方旗舰店9Pro5G网骁龙855透明红米K20pro尊享探索九cc9pro,2449,山东 济南,491人收货
【立减50元 再享12期免息】Apple/苹果 iPhone XR 64G/128G 全网通4G智能手机双卡双待iphonexr,4799,江苏 南京,489人收货
【当天发货+送天猫精灵】Xiaomi小米红米note8手机官网旗舰店note9 7官方Redmi Note8 pro青春版cc9e正品k30,999,上海,485人收货
【3+32GB低至599】红米7A大电量大字体大音量智能拍照学生老年人小米官方旗舰店官网正品xiaomi红米小米手机,579,北京,485人收货
OPPO A57全网通4G 双卡双待 A59指纹识别 智能手机 A37支持NFC,342,广东 深圳,485人收货
【购机享手机壳及数据线】苹果11 Apple/iPhone 11苹果手机2019新款全网通智能手机正品xr xsmax 7plus,5249,广东 广州,485人收货
SAILF R20全新智能手机2019新款上市4G全网通双卡双待安卓超薄水滴全面屏学生游戏送vivo小米鼠oppo华为耳机,598,广东 深圳,482人收货
华为nova5【免息当天发】HUAWEI nova 5 Pro官方Nova5ip新手机n6z,1378,广东 深圳,481人收货
Samsung/三星 GALAXY S9+ 三星S9 s9+ plus港版美版手机note10+s8,1888,上海,480人收货
Meizu/魅族 魅蓝Note5全网通4GNt3 5.5大屏智能E2手机Note6魅蓝3s,195,广东 深圳,479人收货
【选送充电宝/无线充/蓝牙耳机】Apple/苹果 iPhone 11全网通双卡手机iphone11国行promax旗舰店官方正品店,5088,浙江 杭州,478人收货
Nokia/诺基亚3100老人手机经典老款直板大按键学生备用超长待机,48,广东 深圳,477人收货
官方Xiaomi/小米 小米CC 9E美图定制版cc9pro屏幕指纹拍照8P手机e,928,广东 深圳,477人收货
现货OnePlus/一加7TPro手机官方旗舰1+7t一加7pro 一加七 8 1加7t,1729,广东 深圳,477人收货
【现货速发】Apple/苹果 iPhone 11手机国行苹果iphone11pro 手机,4888,广东 深圳,476人收货
【当天发送无线充音响】HUAWEI/华为 Mate 30 5G版手机官方旗舰店正品mate30pro5g全网通p30pro直降matex荣耀,4999,山东 济南,475人收货
【享12期免息】Apple/苹果 iPhone 8 移动联通电信全网通4G智能手机iphone8 苹果8苏宁易购官方旗舰店,3499,江苏 南京,474人收货
现货降1600Huawei/华为 Mate 20 Pro UD全面屏保时捷手机mate20x,1938,河南 郑州,474人收货
Apple/苹果 iPhone 11 Pro Max港版苹果11promax国行新款双卡手机,3598,广东 深圳,473人收货
荣耀9x【亏本冲量】华为honor/荣耀 荣耀9x 新手机正品8荣耀9xpro,999,广东 深圳,471人收货
【新品上市立减200】OPPO K5 oppok5新款手机限量版oppo未来x 0ppok5 k3k7 0pp0k1 oppor17 r19 r15 a9x a7a5,1799,湖北 武汉,471人收货
【24期分期/送无线充】Apple苹果iPhone 11 全网通智能4G手机国行官网xr官方旗舰店x新款苹果11pro,5048,上海,469人收货
现货发顺丰【24期分期】Huawei/华为 P30 Pro曲面屏手机官方旗舰店正品mate20降价nova4e直降新款5i新品上市,3388,安徽 合肥,469人收货
【6期免息】小米CC9 Pro 1亿像素五摄双光学防抖拍照新品小米官方旗舰正品小米cc9pro 小米9 红米手机,2799,江苏 南京,467人收货
华为荣耀20pro honor/荣耀 荣耀20PRO手机官方麒麟980直降新品V30,1699,广东 深圳,466人收货
小米8正品现货Xiaomi/小米 小米8全面屏手机探索版骁龙845游戏机,1138,广东 惠州,466人收货
Xiaomi/小米 小米9故宫版九se战斗天使10透明尊享9plus新手机9pro,2098,广东 深圳,465人收货
Apple/苹果 iPhone XR 苹果XR iphonexr双卡iphone xr全网通手机,3500,广东 深圳,465人收货
【限时优惠100元】华为荣耀Play3 麒麟710F八核全网通智能手机官方旗舰店全新正品,899,江苏 南京,465人收货
256低至2469送无线充】Xiaomi/小米 小米9手机9plus官方旗舰店mix34正品10透明尊享版骁龙855官网cc9pro小米8,2299,广东 深圳,465人收货
下单减500 vivo iQOOPro5G骁龙855plus全新限量爱酷手机vivoiqoopro5g iqoopro x27 iqoo5g版 iqoopro手机,3498,上海,465人收货
【6+128G省300元 赠充电宝】小米CC9e4800万全面屏手机拍照游戏学生指纹小米官方旗舰店正品CC xiaomi,1199,北京,464人收货
【领270券现货免息】华为HONOR荣耀9X直降全网通手机官方旗舰店magic2新8x正品v20pro爆款10青春版play3系列i,1199,上海,464人收货
【12期免息】OPPO Reno Ace手机新品opporenoace高达版 官方正品,2999,广东 广州,462人收货
当天发正品直降价【立省988】honor/荣耀 荣耀9X PRO官方手机V20S,899,广东 深圳,461人收货
Meizu/魅族 魅蓝note3全网通4g note5/6大屏老人智能2手机魅蓝5/6,235,广东 深圳,458人收货
4+64G已直降100元现货速发耳机电源中移动Xiaomi/小米 Redmi 红米8A全网通4G智能学生手机官方旗舰店note8,649,浙江 杭州,458人收货
【限时低至1099元】华为旗下HONOR/荣耀20青春版AMOLED屏幕指纹手机官方旗舰店新品9全新X正品20,1099,广东 深圳,458人收货
【6+128G低至1049起+选天猫精灵】Xiaomi/小米红米Note7Pro手机 redmi官方旗舰店8青春版note9pro官网小米8se,1099,山东 济南,456人收货
Letv/乐视乐2乐2pro全网通4G 1s MAX2老年人儿童学生智能游戏手机,210,广东 深圳,455人收货
Apple/苹果 iPhone 11 Pro max新款iphone11有锁版苹果11手机,3529,上海,455人收货
分期免息Samsung/三星 GALAXY S9 S9Plus 盖乐世S9港版全网通手机,2998,广东 深圳,453人收货
Apple/苹果 iPhone XS Max苹果xs手机 苹果x iphonexsmax国行双卡,2100,广东 深圳,453人收货
新款1600万拍照6.1英寸水滴屏小辣椒红辣椒9E智能机八核128g内存学生价超薄4G全网通安卓手机500元左右双卡,358,广东 深圳,452人收货
12+512G2699元】Xiaomi/小米 Redmi K20Pro骁龙855红米K20手机官方旗舰全面屏4800万note8新5g尊享版9pro/k30,2339,广东 深圳,452人收货
12期免息花呗分期付款】华为honor/荣耀 荣耀20青春版手机官方旗舰店新款v30正品全网通20pro/非5g手机9x pro,1099,广东 深圳,450人收货
华为nova6【直降570】HUAWEI nova 6/nova 6 5G版官方se手机6 pro,2048,广东 深圳,448人收货
Huawei/华为 华为畅享5S电信移动联通4G全网通版畅享5老人手机,295,广东 深圳,447人收货
黑鲨2pro[送手柄]Xiaomi/小米 黑鲨游戏手机2Pro 黑鲨3代手机2pro,1169,河南 郑州,445人收货
官网现货 OnePlus/一加7pro 1+7t 一加七 一加7tpro手机官方旗舰8,2149,广东 深圳,444人收货
Apple/苹果 iPhone XS Max 苹果xsmax iPhonexsmax手机8x xs max,1440,广东 深圳,444人收货
DOOV/朵唯X11 Pro学生价游戏智能手机水滴全面屏超薄全屏全网通4G千元官方旗舰安卓老人老年大屏5曲面D11新款,699,广东 深圳,443人收货
OPPO R17水滴屏手机oppor17pro新年红r15全网通OPPO R15x屏幕指纹,1368,浙江 杭州,442人收货
【至高省300】vivo iQOO Neo 855高通骁龙855处理器游戏指纹智能手机vivoiqooneo iqooneo vivo新iqoo 限量,2198,广东 东莞,440人收货
新品华为honor/荣耀 荣耀Play3 官方旗舰游戏手机piay3荣耀Paly3e,528,广东 深圳,440人收货
Apple/苹果 iPhone 11 Pro Max港韩日美版新款有锁手机双卡分期xs,4950,天津,439人收货
【6期免息】小米CC9 索尼4800万全面屏手机新品拍照屏幕指纹智能学生小米官方旗舰店正品CC9e 美图 小米cc,1499,江苏 南京,439人收货
【直降400】OPPO Reno Ace opporenoace手机新款上市oppoace高达opporeno3pro 0ppo未来x游戏reno2z oppor17,2999,上海,436人收货
【6期免息】华为HONOR荣耀20 PRO 4800万全焦段AI四摄 30倍数字变焦 智能游戏全面屏旗舰手机,2699,江苏 南京,435人收货
【低至699/送手环】OPPO A5 oppoa5手机新款上市oppor17老年老人手机智能oppoa3官方旗舰新品0ppo学生手机a11,699,上海,435人收货
vivo Z5新品vivoz5限量版智能手机官方正品旗舰店官网屏幕指纹学生新款vivoz5x z3x,1398,广东 东莞,434人收货
【立减200!】OPPO K5 oppok5新品手机限量版oppo未来x 0ppok5新款上市k3k7 0pp0k1 oppor17r19 r15 a9x a7a5,1799,浙江 杭州,434人收货
Philips/飞利浦 E212A翻盖老人手机超长待机大字大声大屏老年手机正品双屏商务手机男女备用学生按键老人机,259,江苏 南京,434人收货
【优惠高达500元】华为旗下HONOR/荣耀20i 3200万AI自拍渐变色官方旗舰店珍珠全面屏正品学生手机v30,1199,广东 深圳,434人收货
【官方直营】京立翻盖老人机超长待机双屏女款大屏大字大声移动电信版老年手机正品联通学生大按键手机,99,湖北 武汉,434人收货
可减220元12期花呗分期免息/华为HONOR荣耀20青春版手机官方旗舰店20i正品8x降价9xpro荣耀10青春版20s新款9x,1099,山东 济南,433人收货
【分期免息】Apple/苹果 iPhone 8 Plus 苹果8 plus手机 iphone8,1998,广东 深圳,433人收货
分期免息/Huawei/华为 nova 4e 手机官方旗舰店p30官网正品nova4直降nova6 pro新品5i荣耀mate30华为128G手机,1129,北京,433人收货
咨询可减70元起+选无线充护眼仪xiaomi/小米9pro5g小米5G全网通手机官方旗舰店正品10小米95G版官网新品,3598,广东 深圳,433人收货
【立减300】realme X2 realmex2手机超薄限量版realme官方旗舰店官网大师版realmex青春版q pro,1499,江苏 南京,432人收货
【低至699元起】OPPO A5 3+32G全面屏AI双摄拍照美颜长续航手机全网通学生老人4G全网通智能手机oppoa5,699,江苏 南京,432人收货
IVVI P60(i8)水滴全面屏大屏超薄指纹游戏学生价安卓智能手机正品,358,广东 深圳,431人收货
【限时低至1099】华为HONOR/荣耀20青春版屏幕指纹解锁白敬亭手机官方旗舰店新品全新正品,1099,江苏 南京,430人收货
【花呗分期】Apple/苹果 iPhone 11 Pro Max苹果11promax有锁手机,3529,上海,428人收货
Apple/苹果 iPhone 8 Plus 美版苹果8plus手机全网通4G正品全新8X,2450,广东 深圳,428人收货
【3期免息 限时直降400】vivo iQOO 骁龙855全面屏智能游戏vivo手机官方旗舰正品4G官网vivoiqoo,2098,江苏 南京,428人收货
OPPO K5新品手机 oppok5手机 oppok3 oppok5x k5pro限量版opopk5 0ppok5 oppok6 a11x k7 未来x opop官方旗舰,1599,广东 东莞,427人收货
6期免息/当天发货Huawei/华为Mate30 Pro 5G版手机官方旗舰店正品p30全网通曲面屏【限量送原装无线充电器】,6399,上海,426人收货
【降价低至879元起】华为HONOR 荣耀8X全面屏手机官方旗舰店降价9x畅享play3官网青春版20s新品9i款pro系列x9,879,山东 济南,425人收货
官方降价【当天发】华为honor/荣耀 荣耀V20 全面屏手机荣耀20pro,1218,广东 深圳,424人收货
VIIPOO Z5i极点全面屏安卓全网通指纹电信游戏正品学生价智能手机,348,广东 深圳,423人收货
【到手价999】Meitu/美图 T9美图T9手机新款正品美颜t8美图手机旗舰店官方t9s小樱限量版美图V7 t8s v6 m8s,999,福建 厦门,422人收货
【6期免息+送好礼】 HUAWEI/华为 Mate 30 Pro 5G手机官方旗舰店正品mate30 保时捷p30直降全网通5g,6399,广东 深圳,422人收货
K-Touch/天语 X71正品老人机超长待机直板老年手机大屏大字大声音移动联通版女学生功能按键手机,68,江苏 南京,422人收货
官方Xiaomi/小米 Redmi 8红米8a全面屏智能新手机pro正品小米7A x,528,广东 深圳,422人收货
【优惠120】Nokia/诺基亚 8110 4G香蕉小手机老年人学生机滑盖备用机洛基亚网红全新正品官方旗舰店,379,北京,421人收货
【12期免息 下单减200】OPPO Reno Ace opporenoace手机新款上市oppoace高达65w opporeno3r17未来Xreno2手机,2999,上海,421人收货
上海中兴守护宝L660 正品老人机 老年手机 翻盖老人机 学生商务备用 老人机 守护宝手机,179,江苏 南京,421人收货
Xiaomi/小米 小米9透明九se故宫版10尊享plus新骁龙855手机 pro5g,2088,广东 深圳,420人收货
ZTE/中兴 K2 直板老人机大屏大字大声超长待机老年手机男女款移动按键老人手机学生备用功能机中兴手机兴易每,158,江苏 南京,420人收货
【下单减200元】OPPO K5 oppok5手机全新款上市oppo手机k3 oppor17opporeno3 0pp0 find未来x0ppo手机r15x,1799,上海,416人收货
vivo X9S全网通2000万双摄美颜vivo X9双卡手机vivox9s Plus正品,678,广东 深圳,416人收货
【6期免息+乐心手环】Huawei/华为nova 5i Pro极点屏超广角4800万AI四摄人像美颜手机nova5、nova4、nova3,2099,江苏 南京,416人收货
新款小辣椒P60八核6+128g后1600万双摄像指纹人脸解锁Typec快充吃鸡王者游戏手机微商多开全网通超薄4g学生价,499,广东 深圳,414人收货
朵唯小朵S1智能按键老人手机全网通4G可微信直板联通电信版学生男女备用老年机大屏大字大声超长待机诺基亚,299,广东 深圳,413人收货
纽曼 L66移动版老人手机老年手机超长待机直板按键大屏大字大声超长待机老年机老人机学生儿童手机功能机,59,北京,412人收货
官方正品直降1688当天速发honor/荣耀 荣耀V20i全面屏9x手机30pro,1208,广东 深圳,412人收货
Apple/苹果 iPhone XS Max 苹果xsmax iPhonexsmax手机8x 双卡,1500,广东 深圳,412人收货
Philips/飞利浦 E107老人机超长待机移动老年手机正品男女按键直板老年机小手机大屏大字大声学生机老人手机,99,广东 深圳,412人收货
拍下减600元 vivo iQOO Pro 5G全网通新手机骁龙855Plus vivoiqoopro iqoopro5g版 vivox27 vivoiqoo iq00 5g,3498,上海,411人收货
Apple/苹果 iPhone XS Max 苹果xsmax 双卡双待苹果xs 苹果xr手机,3400,广东 深圳,411人收货
电信版4G卡老人机天翼CDMA大屏大声超长待机直板学生按键老年手机,95,上海,411人收货
nubia/努比亚 Z20双面屏摄影电竞游戏双面屏美颜自拍曲面屏智能网络安卓手机,2799,广东 深圳,409人收货
下单减300 vivo iQOO Neo855骁龙新品限量版vivoiqooneo iqoopro iq00 iqooneo855手机 iqooneo5g版 iqooneo2,1998,上海,409人收货
儿童手机小学生可爱卡通迷你袖珍个性小手机男女孩4g联通电信戒网,78,广东 深圳,408人收货
华为Mate20 pro降价官网正品Huawei/华为 Mate 20 PRO X5G手机p30,1899,四川 成都,408人收货
分期Apple/苹.果6s plus 苹.果6s全新苹.果6splus国行6sp正品手机,850,广东 深圳,408人收货
【领券减40元+送手环】Xiaomi/小米max3手机 官方旗舰店官网max2正品6x小米mix3全新max4红米note7pro 8plus9,999,山东 济南,408人收货
直降200元分期免息新品128g华为honor/荣耀 荣耀8X手机11x降价官网官方旗舰店正品畅玩10青春版9x 8xmax pro,878,广东 深圳,407人收货
【送榨汁机】vivo X27手机官网 新款vivox27 vivox27pro vivox23幻彩版 nex27 iqoo iq00 vovi官方旗舰店bbk,2498,浙江 杭州,405人收货
【256G低至1889元】华为HONOR荣耀9X PRO麒麟810手机x9荣耀9x系列官方旗舰店20i正品8x降价9xpro学生20青春版,2199,山东 济南,405人收货
分期免息Apple/苹果 iPhone 8 Plus全新国行256g 8p手机8x八ipone,2398,广东 深圳,402人收货
【3期免息】Meizu/魅族16t 大屏娱乐旗舰高通骁龙855 6.5英寸极边全面屏UFS3.0 4500mAh大电池4G智能手机,2299,江苏 南京,402人收货
Xiaomi/小米 红米4A 5A 6A 4X 3S全网通4G老人学生智能手机正品,218,广东 深圳,401人收货
降价华为mate30 5G HUAWEI HUAWEI Mate 30 Pro新手机官方X保时捷,3428,广东 深圳,400人收货
百合BIHEE C20A全网通老人机移动电信4G老年手机大字大声超长待机,119,广东 深圳,400人收货
Philips/飞利浦 E186A 正品男女老年手机大字大屏大声老人手机 学生儿童备用老年机超长待机移动2G老人机,139,江苏 南京,399人收货
【64G立省120到手779元】Xiaomi/小米红米8手机 官方旗舰店Redmi8官网8pro红米8A老人5A学生机6红米note7骁龙,699,山东 济南,399人收货
【咨询减50】华为honor/荣耀 荣耀magic 2官方旗舰店官网降价全新正品手机魔法3滑盖V20pro麒麟980,1689,广东 深圳,398人收货
Apple/苹果 iPhone 8 Plus苹果iPhone8 plus国行正品手机iphone8,2200,广东 深圳,397人收货
纽曼P308全新水滴屏6.53英寸大屏超薄全网通4G八核安卓手机6+128G内存游戏学生手机老人老年大字双卡智能手机,398,广东 深圳,397人收货
Apple/苹果 iPhone 7 Plus国行4G全网通iphone7全新苹果7plus手机,1680,广东 深圳,397人收货
12期免息 vivox27手机全新限量版官网 vovix27 vivo x23 s1 iqoo x21 bbk x27Pro x27plus幻彩版 vivo x27,2498,上海,397人收货
Xiaomi/小米 小米9 pro5g版手机9plus官方旗舰mix4阿尔法10全新,3448,广东 深圳,396人收货
军工三防老人手机超长待机移动电信联通4G全网通大声大字老年手机,68,广东 深圳,395人收货
Apple/苹果 iPhone XSMax 苹果xsmax苹果xs国行双卡美版8x手机,1800,广东 深圳,394人收货
128G到手价1319起+选手环Xiaomi/小米红米note8pro手机RedmiNote8Pro官网旗舰店k20pro官方7小米9se八8青春版,1219,上海,393人收货
vivl X27超薄6.5英寸水滴屏全面屏智能手机正品全网通学生价游戏,155,广东 深圳,393人收货
Apple/苹果 iPhone XS Max新苹果 iPhone xs手机xr国行有锁美版8x,3108,广东 深圳,391人收货
【6期免息赠耳机】OPPO Reno Ace高通骁龙855plus游戏手机90Hz全面屏超级闪充官方旗舰店opporeno,3799,广东 东莞,391人收货
华为电信版小手机儿童学生备用天翼按键老年人4G棒棒机戒网非智能,55,广东 深圳,391人收货
飞利浦4G全网通微信版直板老人机大字大声大屏超长待机老年手机双卡双待学生按键备用机小手机移动联通电信版,159,广东 深圳,390人收货
【优惠300元+送原装耳机】OPPO K3手机oppok3新品限量版手机oppok1 r19 r15x r17 Pro a7x a9未来x0ppo手机,1399,浙江 杭州,390人收货
下单减100 vivo Z5X手机全面屏全新正品 vivoz5x手机 vivoz5 z3 z3x vivox27 vivo手机官网  z5xvivo手机 z5x,1298,江苏 南京,390人收货
vivo X20全面屏手机vivoX20双卡双待全网通4Gvivox20PLUS正品手机,1198,广东 深圳,389人收货
减1860当天发24期分期 Huawei/华为 P30 Pro手机官方旗舰店p30直降价5g全网通荣耀P20新款matex华为mate30pro,4488,山东 济南,386人收货
可立减240元咨询省钱/华为HONOR 荣耀play3手机官方旗舰店20i正品8x降价9xpro青春版20s新款paly3畅享piay38,799,山东 济南,386人收货
Nokia/诺基亚老人手机电信移动4G全网通联通老年语音王经典大字,98,广东 广州,386人收货
【6期免息】Meizu/魅族16Xs极边对称全面屏4800万AI三摄4000mAh大电池4G商务智能拍照手机官方旗舰店正品,1499,广东 珠海,386人收货
【4G全网通】纽曼V998智能翻盖老年手机大屏大字大声音超长待机正品男女款移动电信版军工语音王学生老人机,198,广东 深圳,386人收货
索品 S1 老人手机超长待机非智能学生手机大屏大字大声老年机儿童手机移动联通备用小手机直板按键女款功能机,49,广东 广州,384人收货
咨询用券最高减 送耳机/手环12期 中移动小米Redmi Note8 Pro全网通4G手机6400万主摄官方旗舰店红米Note8,1099,浙江 杭州,384人收货
魅族16X 现货顺丰速发【天猫正品 原厂原封 送899元好礼】Meizu官方准旗舰手机专卖店X8骁龙71016xs,1018,河南 郑州,384人收货
【6期免息/当天发+送天猫方糖】红米K30手机 Xiaomi/小米 RedmiK30官方旗舰店网9pro5G版K20pro尊享版 K30pro,1599,山东 济南,384人收货
荣耀9x当天发送碎屏险 华为honor/荣耀 荣耀9xpro手机新荣耀9xpro,848,广东 深圳,382人收货
【至高立减400 低至1299】realme 真我X大师版索尼4800万升降全面屏 屏下指纹解锁官方正品手机realmex,1599,广东 东莞,379人收货
诺基亚老年手机全网通超长待机老人机简单移动联通电信版天翼华为,118,广东 广州,379人收货
官方降价honor/荣耀 荣耀V20全面屏手机麒麟980华为手机现货 v20,1208,广东 深圳,378人收货
正品小辣椒红辣椒9E全面水滴屏8核6+128G全网通4G学生价指纹一体超长待机老年人手机500元以下安卓智能手机,358,广东 深圳,377人收货
分期免息Apple/苹果 iPhone 8 Plus 全网通4G全新国行iphone8手机,2080,广东 深圳,376人收货
ROG游戏手机2败家之眼骁龙855plus电竞rog二代腾讯定制3玩家国度,3499,广东 深圳,375人收货
新款直降200元分期免息Huawei/华为 畅享10 Plus官方旗舰店正品畅想9plus的手机pius价荣耀10plus 2019青春S,1098,广东 深圳,375人收货
【可减350元+当天发送手环】华为honor/荣耀 荣耀9X全面屏手机官方旗舰店降价官网20青春20s新款nova5z/play3,1099,上海,374人收货
新品Xiaomi/小米 Redmi K30 5G红米k30pro官方旗舰手机20尊享版5g,1458,广东 深圳,374人收货
vivo iQOO Pro 5G版全网通新品骁龙855Plus vivoiqoopro iqoopro5g iqoopro vivox27 z5x x9 nex3 iqoo手机,3498,北京,373人收货
官方正品Xiaomi/小米 Redmi Note8 Pro新品红米note8pro旗舰手机7,899,广东 深圳,373人收货
【立减200】OPPO K5oppok5手机全新机新款上市oppo手机k5新品限量超薄k3oppoa5a7x r17oppor15x 0ppor90pp0k1,1799,广东 广州,372人收货
736起当天发Huawei/华为畅享9手机官方旗舰店全网通9e正品10plus荣耀10 nova3/4e畅想9plus老人机p20直降价9s,699,山东 济南,370人收货
正品老年智能手机 大声大字老人机大屏省钱电信全网通4G超长待机,248,广东 深圳,369人收货
新Nokia/诺基亚105 手机官方正品移动直板按键学生老人备用机 老人手机 诺基亚105 老年机 老人机官方旗舰,139,江苏 南京,369人收货
【减290元+送电煮锅】华为HONOR荣耀20i全面屏手机官方旗舰店新V20s正品9x官网青春版pro直降magic3麒麟980i,1099,上海,368人收货
256G正品P30水滴全面屏全网通4G学生价便宜超薄游戏安卓智能手机,148,广东 深圳,368人收货
5G全网通 vivo iQOO Pro 5G手机 vivo iqoopro 5G版 IQOOPRO 5G手机 iqoo pro 5g x27 x23 vivo手机5G,3498,广东 深圳,368人收货
449元起Huawei/华为 畅享8e 华为官方旗舰店官网正品7Plus手机7s荣耀9i畅玩7x 7c 7a 华为畅享8e青春畅想8,449,北京,368人收货
【下单省800】vivo iQOO Pro 5G全网通手机 vivoiqoopro vivoiqoo iqoopro 5G版 vivox27 iq00 新品5g网络x23,3498,浙江 杭州,368人收货
Motorola/摩托罗拉 V3ie翻盖手机超薄老款经典怀旧手机老人手机,85,广东 广州,367人收货
【限时优惠200】华为HONOR荣耀9XPRO全网通4800W三摄全面屏智能手机全新官方旗舰店官网正品麒麟810华为,1999,江苏 南京,367人收货
OPPO R11手机R9花呗分期 OPPO R11S全网通4G手机R11plus手机r9s,679,广东 广州,367人收货
纽曼 Q99+正品卡片手机电信移动超薄迷你可爱袖珍直板按键儿童学生戒网男女备用手机网红个性非智能超小手机,63,广东 深圳,366人收货
直降1011元 honor/荣耀 荣耀20PRO手机官方华为荣耀V30 荣耀20pro,1658,广东 深圳,364人收货
【限时享12期免息】Apple/苹果 iPhone 8 Plus 全网通4G智能手机iphone8plus 苹果8p 苏宁易购官方旗舰店,4449,江苏 南京,363人收货
K-Touch/天语 T9双屏翻盖手机 大字大声老人手机超长待机 老年手机学生移动老人机,169,江苏 南京,363人收货
【至高省400元送耳机】oppo K3 oppok3手机0ppo新品限量 oppor15x手机超薄reno k1 a57 r9s r17 未来X oppoa9,1399,广东 东莞,362人收货
【咨询减50元+选无线充】xiaomi/小米9pro5g手机全网通官网旗舰店cc9五g九9plus官方10小米5G版新品手机mix4,3699,上海,359人收货
【新品上市】飞利浦/PHILIPS E258C 直板按键电信2G老人手机老年功能手机,226,江苏 南京,358人收货
【当天发货/24期分期】Huawei/华为 Mate 30 Pro 5G版手机官方旗舰店华为手机Mate30 Pro5g全网mate40新款p30,5799,上海,358人收货
到手价749元起  vivo U3x手机 vivou3x官方旗舰店 VIVO手机 vivox27 vivou1 z3  x21 x23 x9 y73s U3X u1,899,广东 深圳,357人收货
【购机加赠耳机】OPPO A11 超清AI四摄大内存长续航全面屏学生老人智能手机,1599,广东 东莞,356人收货
军工三防电霸老人机超长待机全网通4G老年手机微信电视tv触屏手写,98,广东 深圳,356人收货
官方正品【当天发直降988】honor/荣耀 荣耀20 pro华为v30i手机9X,1658,广东 深圳,355人收货
【下单赠耳机】realme 真我Q 骁龙712索尼4800万四摄4035mAh 90.6%屏占比全网通realme Q手机,998,江苏 南京,355人收货
军工三防老人机超长待机全网通电信联通4G老年手机新路虎时代k968,68,北京,355人收货
Apple/苹果 iPhone X 苹果xs max  iphonex iphonexs max国行手机,3650,广东 深圳,354人收货
【4G全网通】创星S9老人机超长待机直板女款大屏大字大声音移动电信版老年手机正品联通学生诺基亚按键小手机,88,广东 深圳,354人收货
华为nova6【降价580元】HUAWEI nova 6/nova 6 5G版手机官方6pro,2038,广东 深圳,353人收货
官方【亏本冲量】vivo U3x 新品vivou3x智能手机u3老人学生vivou1,599,广东 深圳,353人收货
索爱SA-T618C老年手机移动联通4g全网通wifi上网微信功能老人机大字大声大屏超长待机男女款备用电信老人手机,158,广东 深圳,352人收货
4G全网通皓轩老人老年手机超长待机大屏大字大声正品语音王简单版省钱移动联通电信机中国女款学生人可爱,69,广东 深圳,352人收货
6+128G到手价1199起选手环红米note8pro Xiaomi/小米红米Note8pro手机官方旗舰店Redmik30新品官网正品note8,1089,广东 深圳,352人收货
【6+64直降50/送1000礼/顺丰当天发】Huawei/华为畅享10手机官方旗舰店官网正品全网通手机畅想10Plus/畅享9,799,广东 深圳,351人收货
【12期免息 优惠600元】Samsung/三星Galaxy A90 5G SM-A9080 骁龙855 游戏智能拍照25W快充官方正品手机,3999,北京,351人收货
Konka/康佳 U11翻盖手机老人机超长待机正品移动老人手机大字大声大屏老年手机翻盖机男女款备用功能机老年机,168,广东 深圳,350人收货
华为nova5z【直降250】HUAWEI nova 5z官方旗舰6新手机nova5ipro,1248,广东 深圳,350人收货
【限时低至1099元】华为旗下HONOR/荣耀9X麒麟810芯片4800万超清双摄升降式全面屏智能手机官方旗舰店,1099,广东 深圳,350人收货
Philips/飞利浦 E163K 移动联通2G老人机超长待机直板按键大屏大字大声老年手机军工女款小学生迷你备用机,119,上海,350人收货
【12期免息】Apple/苹果 iPhone 11 Pro MAX 2019新品 全网通手机 苹果11promax 拍照智能手机,9599,浙江 杭州,350人收货
直降400元【送原装耳机/原装充电宝等】Meitu/美图 T9小樱限量版手机官方正品美图t9sx手机t8s m6 v6 m8s v7,999,广东 深圳,349人收货
4G全网通皓轩老人老年手机超长待机大屏大字大声正品语音王简单版省钱移动联通电信机中国女款学生人可爱,89,广东 深圳,348人收货
至高省800 5G手机全网通 vivo iQOO Pro 5G vivoiqoopro vivoiqoo vivoneo855 x21 vivox27 vivo手机iqoo 5g,3498,上海,348人收货
Meizu/魅族 魅蓝note5全网通4G八核5.5大屏智能手机note6 /3魅蓝5,210,广东 深圳,347人收货
降价！Xiaomi/小米 Redmi Note 7小金刚新手机红米note7正品6pro,748,广东 深圳,347人收货
Apple/苹果 iPhone XS Max苹果xs max苹果xr美版无锁4G双卡手机8X,1950,广东 深圳,347人收货
新品OnePlus/一加7TPro官方旗舰手机 1+7t官网一加8手机一加七pro,1719,广东 深圳,346人收货
纽曼V7儿童手机小学生超小迷你可爱非智能男女款直板正品老人机汽车跑车移动电信版小孩戒网备用卡片网红手机,78,广东 深圳,346人收货
当天发24期分期已降500元 Huawei/华为 P30 Pro手机官方旗舰店正品直降麒麟980新款非5g全网通p30pro免息新品,3388,广东 深圳,346人收货
12期免息花呗分期付款0首付华为HONOR荣耀20手机官方旗舰店V20降价magic3官网正品11x青春9x直降30pro麒麟v30,2299,广东 深圳,345人收货
直降价正品华为HUAWEI HUAWEI P30Pro官方旗舰店mate30手机nova5G,2678,广东 深圳,345人收货
立省200元 VIVO Z5X 新品vivoz5x 手机限量版 z5x vivox27 vivoz5 x21 z3i x23 x9 iqoo nex3 5g z5x官网手机,1298,山东 济南,345人收货
官方Xiaomi/小米 小米9透明9se故宫版10尊享骁龙855plus手机pro5g,1999,广东 深圳,344人收货
【限时至高省100】vivo U3新品vivou3千元拍照智能手机大电池官方旗舰店官网正品学生vivou1u3xx27,1199,江苏 南京,344人收货
【限时特惠300】Meizu/魅族16th骁龙845八核散热超窄边框全面屏屏下指纹双摄拍照商务官方旗舰店正品手机,1898,广东 珠海,343人收货
【限时到手价799】华为honor/荣耀 畅玩8C全网通智能手机官网全新正品学生官方旗舰店性能续航9X20i,799,江苏 南京,343人收货
Meizu/魅族 魅蓝Note6全网通4G真八核5.5大屏智能手机Note5 魅蓝6,230,广东 深圳,342人收货
华为荣耀20i手机  honor/荣耀 荣耀20i新品手机官网正品直降价8x,688,广东 深圳,342人收货
【咨询有优惠】红魔3S nubia/努比亚 红魔3代电竞手机 全网通游戏手机骁龙855红魔2Mars 3S 三代 红魔4代旗舰,1658,广东 深圳,341人收货
honor/荣耀 荣耀8青春版 全网通64G 高配版华为荣耀8 智能手机4G,383,广东 深圳,340人收货
Meizu/魅族 魅蓝note5全网通双卡4G八核5.5大屏快充指纹手机note3,290,广东 深圳,340人收货
Huawei/华为T2010全网通4G老人机移动联通电信版大声大字老年手机,125,广东 深圳,340人收货
官网Qin2多亲ai手机小屏幕2代多亲ai助手小爱同学手机智能学生备用功能机卡片手机4g老年微信儿童定位手机,599,广东 深圳,340人收货
Apple/苹果 iPhone XR 苹果XR iphonexr有锁美版 国行双卡xs手机,2388,广东 深圳,339人收货
【24期分期】咨询优惠1250元Huawei/华为 P30手机正品华为官方旗舰店华为手机直降p30pro新款305gmate30pro5g,3388,北京,339人收货
分期Apple/苹果 iPhone 8 Plus苹果8plus iphone8p苹果8x全新手机,1700,上海,339人收货
Apple/苹果 iPhone XS Max 国行iphonexsmax 苹果xsmax xr 8x手机,3650,广东 深圳,338人收货
Huawei/华为 P20徕卡三摄 全面屏P20Pro 6G运行内存原封正品手机,1388,上海,338人收货
Apple/苹果 iPhone XS Max苹果xsmax苹果 xs xr双卡iPhonex 手机x,3150,广东 深圳,336人收货
华为nova5降价官方正品HUAWEI nova 5 Pro全面屏4800W手机8G+256G,1999,广东 深圳,336人收货
【4G全网通】飞利浦E517 智能老年手机移动联通4G 超长待机直板按键老人机小学生备用老年手机大字大声4g正品,239,北京,335人收货
花呗分期Apple/苹.果6s plus国行正品苹.果6s手机6sp全新三网通4g,670,浙江 杭州,334人收货
BlackBerry/黑莓9900电信4G三网全键盘智能触屏学生手机戒网瘾,98,广东 深圳,334人收货
nubia/努比亚Z20 双面屏电竞游戏骁龙855Plus全网通官方旗舰正品智能4G手机努比亚z20 努比亚x,2799,江苏 南京,334人收货
正品军工路虎三防智能手机全网通4G超长待机户外电霸大屏老人手机,499,广东 深圳,334人收货
vivl P30正品128G学生价水滴屏游戏安卓智能手机全网通4G指纹便宜,155,浙江 杭州,334人收货
新品Xiaomi/小米 Redmi 8红米8a官方正品全网通pro红米7k20大手机,528,广东 深圳,333人收货
下单减300 vivo iQOO Neo 855限量版vivoiqooneo骁龙855 vivoiqoo iqooneo2 vivox27 z5x x21 iqoopro 5g手机,2298,北京,333人收货
【优惠1000元 6期免息】Samsung/三星 Galaxy A8s SM-G8870 4G智能全网通手机黑瞳全视屏三摄 学生机,1799,北京,332人收货
当天发 honor/荣耀 荣耀9x  升降摄像头手机 华为荣耀9xpro,888,广东 深圳,332人收货
【低至2099元】华为旗下HONOR/荣耀20全面屏超广角AI四摄麒麟980芯片智能拍照手机正品PRO手机v30,2199,广东 深圳,331人收货
Xiaomi/小米 Redmi K20 骁龙 855 红米k20pro尊享版旗舰CC9se手机,1308,广东 深圳,330人收货
【立减200】OPPO Reno Ace opporenoace手机新款上市 oppoace高达定制版 r19 r17  K7 0pp0 未来x reno3 pro,2999,浙江 杭州,329人收货
诺基亚老人机超长待机老年人手机正品大屏大字大声全网通华为HY,108,广东 汕头,326人收货
24期分期/送礼/Huawei/华为 畅享9中移动手机正品官方旗舰店千元机 MAX 10 plus 9s 9e 9x,669,浙江 杭州,326人收货
正品老人智能手机大字大声大屏 老年机超长待机移动电信全网通4G,258,广东 深圳,326人收货
小辣椒手机红辣椒8x pro全面屏128gb大内存1000左右4g全网通游戏电信大屏幕超薄学生价智能安卓千元手机正品,599,广东 广州,325人收货
Apple/苹.果6s Plus 苹.果7 Plus 国行6sp全新6splus正品7P手机6S,850,广东 深圳,325人收货
【官方正品】Motorola/摩托罗拉 p30 note 5000mAh大电池6.2英寸全面屏1600万AI双摄商务智能手机金属黑色,899,北京,324人收货
官方Xiaomi/小米 Redmi Note8 Pro红米note8pro手机k20全网通8a新,938,广东 深圳,324人收货
酷驰 P30超薄水滴全面屏安卓大屏智能手机游戏电信全网通4g学生价,368,广东 深圳,324人收货
现货直降华为p30proHUAWEI HUAWEI P30 PRO变焦照相mate30pro手机,2668,广东 深圳,323人收货
原装正品新款 Nokia/诺基亚106老人机经典官方小手机迷你直板按键怀旧旗舰店老年手机声音大大字大屏学生备用,139,广东 深圳,323人收货
全网通4G中兴守护宝L105老人手机超长待机正品老年手机大屏大字大声音老人机移动电信版老年机直板按键小手机,139,广东 深圳,323人收货
【6+64G低至1099】红米note8 4800万四摄智能拍照游戏学生手机redmi红米pro小米官方旗舰店正品xiaom,999,北京,322人收货
【咨询减40元+选手环】Xiaomi/小米8青春版手机 8se官方旗舰店9 红米note7pro 官网9se 红米note8 红米K20pro,1069,山东 济南,322人收货
分期免息Apple/苹.果 i.Phone SE 全新5se国行5s正品三网通4G手机,830,广东 深圳,322人收货
qin1s+多亲ai手机2小爱同学小米生态链多亲ai助手按键直板老年机学生非半智能老人4g功能备用手机小屏幕手机,399,广东 深圳,322人收货
Meizu/魅族 魅蓝Note5全网通移动电信备用老人学生智能手机2魅蓝5,193,广东 深圳,321人收货
当天发24期分期已降500元 Huawei/华为Mate 30 5G版官方旗舰店手机mate305g全网通正品新款p30pro免息直降40,4999,广东 深圳,321人收货
荣耀9x【直降536】华为honor/荣耀 荣耀9X pro官网旗舰V30手机Pro,958,广东 深圳,319人收货
直降华为mate30pro HUAWEI Mate 30 Pro 5g手机官方旗舰X保时捷5G,3428,广东 深圳,319人收货
双金冠Apple/苹果 iPhone XS Max 苹果xs手机国行双卡iphonexsmax,2100,广东 深圳,319人收货
限时减200】OPPO Reno Ace手机opporenoace高达版官方正品oppoace,2999,上海,319人收货
【当天发货+6期免息】Xiaomi/小米红米K30手机官网旗舰店RedmiK30 pro红米K30 pro5g官方k20pro手机正品9pro,1599,上海,319人收货
减1160当天发24期分期Huawei/华为 P30 华为P30pro手机官方旗舰店正品荣耀华为mate30pro直降价5g全网通p20X,3388,山东 济南,318人收货
vivo y67全网通手机指纹 vivoy67手机Y66手机美颜拍照VIVO Y67,375,广东 深圳,317人收货
【12期免息】OPPO Reno2 opporeno2手机新款上市oppoace r17 r19 0ppo手机未来x限量订制版0pp0reno2 z reno3,2999,上海,317人收货
【直降200】OPPO A11 oppoa11手机新款上市opop新品a11x a5 a9x a7x r9 r15x k3 k1 0ppo手机旗舰正品0pp0a11,1299,北京,316人收货
立减300元 vivo iQOO NEO 855骁龙 vivoiqooneo 5g全网通手机 iqooneo vivo iqooneo855版 x27 iqoo x23 手机,1998,山东 济南,316人收货
当天发/3期免息/保3年/送好礼/Huawei/华为 畅享9手机官方旗舰店正品畅想9plus荣耀9x青春降价5g全网通mate30,809,浙江 杭州,315人收货
Philips/飞利浦 E280正品超长待机商务备用机男移动双卡双待直板按键老人手机语音大屏2.8英寸大字大声老年机,289,江苏 南京,315人收货
咨询可减20元选电源/手环等中移动Xiaomi/小米CC9美图定制版4800万拍照手机官方旗舰店正品小米9cc,1429,浙江 杭州,314人收货
立减500元vivo iQOO Pro 5G版 vivoiqoopro手机iqoo5g版iqoopro5g全网通vivoiqoopro5g 骁龙855plus 5g新手机,3498,广东 东莞,314人收货
12期分期/当天发顺丰】Huawei/华为nova 5i Pro超广角4800万四摄官网官方旗舰店正品P30pro非5g手机nova5ipro,1799,安徽 合肥,314人收货
诺基亚老人机大字超薄超长待机老年人手机移动4G超长待机老人手机,99,广东 深圳,314人收货
128G低至1079起+选无线耳机/手环 Xiaomi/小米CC9e手机正品官方旗舰9se拍照红米note8pro 8青春k20新全网 k30,999,上海,313人收货
【新品】Philips/飞利浦E218L双屏翻盖老人手机超长待机大字大声大屏移动老年手机备用学生按键老人机,279,江苏 南京,313人收货
Apple/苹果 Apple iPhone 11 pro Max 移动联通电信全网通4G智能手机,10899,浙江 杭州,313人收货
【咨询优惠1170/当天发货】Huawei/华为 P30手机官网官方旗舰店正品手机p30pro直降5g全网通华为nova5mate30,3388,上海,313人收货
诺基亚三防老年手机全网通移动电信4G超长待机大声大字大屏老人机,138,广东 深圳,312人收货
官方【亏本冲量】vivo U3x 新品vivou3x智能手机u3学生老人vivou1,669,广东 深圳,312人收货
Nokia/诺基亚c1-02移动老人机直板按键老年款备用经典学生小手机,52.9,上海,312人收货
下单立减300 vivo iQOO NEO 855骁龙vivoiqooneo 5g版全网通手机vivoiqoopro vivo手机vivox21 s1 z5 vivox27,1998,上海,311人收货
花呗分期Apple/苹.果6s plus国行正品苹.果6s手机6sp全新三网通4g,860,广东 深圳,310人收货
Xiaomi/小米 小米6手机6骁龙835手机陶瓷尊享版米9全网通4G白蓝色,829,江苏 常州,310人收货
Changhong/长虹 L3 老人手机大屏大字大声老年机超长待机声音大直板移动语音播报大按键老人机女老年手机正品,149,安徽 合肥,309人收货
分期免息Apple/苹.果 i.Phone SE128G美版未激活三网通4G正品手机,600,广东 深圳,307人收货
Xiaomi/小米 6X 全面屏全网通4G智能手机6x手机美颜双摄拍照128G,799,广东 深圳,306人收货
优惠840现货发Huawei华为 畅享9 PLUS手机畅享9官方旗舰店正品9s畅想10plus直降价mate20荣耀10学生老人机P20,869,山东 济南,306人收货
正品DOOV朵唯V31全网通4G智能手机老人老年机大字大声音大屏超长待机学生oysin省钱最便宜官方旗舰店500元V33,269,广东 深圳,306人收货
Newmind F8电信迷你个性袖珍汽跑车手机超小男女学生儿童卡通手机,55,山东 济南,305人收货
分期购Apple/苹果 iPhone XR 苹果XR 美版有锁iphonexr手机xs max,2398,广东 深圳,305人收货
现货当天发免息送好礼honor/华为荣耀10青春版手机官方旗舰店正品降价荣耀8/9x新款play3/20i青春版畅享10,858,广东 深圳,304人收货
BlackBerry/黑莓8520手机 黑白  学生机 戒网瘾 送贴纸送9900耳机,99.75,广东 深圳,304人收货
官网直降2000元Huawei/华为 Mate 20 Pro旗舰手机P30 mate20x正品,1899,北京,303人收货
皓轩（手机） H8军工三防直板老人手机移动电信超长待机老年手机,39,广东 深圳,303人收货
直降450元/HUAWEI 华为畅享10官方旗舰店正品智能新手机畅想9plus,698,广东 深圳,303人收货
【现货顺丰速发】华为honor/荣耀 荣耀畅玩8A全网通4G 学生老年游戏智能官方正品 畅享789手机,555,北京,302人收货
【7.12英寸大屏幕】Huawei/华为 畅享 MAX 全面屏水滴屏大电池长待机正品官方旗舰店 4G全网通智能手机89spxi,999,北京,302人收货
正品天语Q3C全网通4G男女老人机诺基亚超长待机直板军工三防老年手机大屏大字大声音移动联通电信备用功能机,99,广西 桂林,302人收货
【6期免息+优惠900元】当天发 Huawei/华为 P30手机官方5旗舰店正品nova6官网p30pro荣耀5g全网/mate30pro,3388,广东 深圳,302人收货
【优惠1000元 12期免息 送无线充】Samsung/三星Galaxy S10+SM-G9750骁龙855 IP68防水前置双摄4G智能手机,6399,北京,300人收货
诺基亚老年手机大声大字超长待机大屏全网通电信联通4G直板老人机,106,广东 汕头,299人收货
ZTG/中天语 Z18四卡四待手机4卡4待一机多卡可魔音变声多卡多待,68,广东 深圳,299人收货
纽曼 N99三防军工直板老年手机老人机超长待机大屏大字大声移动电信老人手机正品女款学生功能按键备用小手机,58,广东 深圳,299人收货
可12期免息当天发+送天猫精灵红米K30手机 Xiaomi/小米 RedmiK30官方旗舰店官网9pro5G版红米K30pro手机尊享,1599,广东 深圳,299人收货
vivo Z3全新机手机正品 新款 vivoz3官方旗舰店官 新品vivoz4 vivo z3x z3i z1 x21 x23 x20 z5 x7 x9限量版,1148,广东 东莞,299人收货
Nokia/诺基亚老人手机移动电信4G直板老年手机大字大声正品老人机,98,广东 深圳,299人收货
【抢券至高省100】vivo U3x新品vivou3x千元拍照智能手机大电池官方旗舰店官网正品学生老人u1 y93s x27,799,广东 东莞,299人收货
Nokia/诺基亚 5000 经典超薄怀旧直板按键大声老人机学生备用手机,49,广东 深圳,298人收货
【顺丰包邮+送壳膜套装】苹果7plus Apple/苹果iPhone 7Plus手机全网通中移动苹果手机iPhone 8plus xr xsmax,3536,浙江 杭州,298人收货
128G低至1179起/送手环】红米note8pro Xiaomi/小米红米note8pro手机RedmiNote8Pro官方旗舰店手机正品,1069,广东 深圳,298人收货
超薄诺基亚5310XM直板备用手机按键功能戒网学生经典怀旧老年机,115,上海,298人收货
天语 L660手写老人机翻盖手机正品老年机超长待机老人手机大声大屏大字移动电信版男女小学生三防备用功能机,155,广西 桂林,298人收货
Meizu/魅族16s PRO高通骁龙855Plus4800W三摄全面屏4G全网通学生游戏大屏智能手机,2699,江苏 南京,297人收货
黑鲨2pro手机【咨询立减/送原装手柄】黑鲨游戏手机2Pro电竞吃鸡官方旗舰店正品小米骁龙855plus二三黑鲨3代,3299,河南 郑州,296人收货
【现货速发】红米8 大电量智能学生老年人全网通小米官方旗舰官网正品新品红米手机 红米7 8a,749,江苏 南京,296人收货
【套餐赠音响+12期免息】OPPO Reno2 升降全面屏4800万四摄拍照视频智能手机官方旗舰店opporeno2,2999,江苏 南京,296人收货
现货 Meizu/魅族 16T魅族16spro 官方大屏旗舰手机骁龙855魅族16S,1999,广东 深圳,296人收货
华为mate30 Pro直降1100正品5G机HUAWEI HUAWEI Mate 30 Pro手机,3399,北京,295人收货
爆款低至464起】Xiaomi/小米Redmi红米7A智能老人学生青春拍照手机小米官方旗舰店正品8A新品红米8红米note8,469,上海,295人收货
1079起/24期0首付/现货送好礼/HUAWEI/华为 Nova 4e手机官方旗舰店正品Mate20pro华为p30pro直降华为p20直降,1099,浙江 杭州,295人收货
【限时低至1699元】华为旗下HONOR/荣耀V20全视屏新品麒麟980处理器4800万AI智能游戏手机官方旗舰店,1699,广东 深圳,295人收货
小米有品多亲2pro手机qin2S助手小爱同学ai智能全面屏卡片迷你特小手机备用学生机微信高中戒网电信4G老人机,599,广东 深圳,294人收货
官网直降2700元Huawei/华为 Mate 20 Pro手机P30降价mate20x正品,1898,广东 深圳,293人收货
分期免息/送礼包  vivo Y7s新品vivoy7s手机 vivoy97 y3 y93s y93,1388,江苏 南京,293人收货
新品】华为honor/荣耀 荣耀畅玩8A 全面屏手机荣耀play3畅玩8c 7x,438,广东 深圳,293人收货
Coolpad/酷派cool 9正品全面水滴屏全网通4G学生游戏超薄安卓双卡指纹一体拍照老人老年大字超长待机智能手机,599,广东 深圳,292人收货
【直降600起】 Apple/苹果 iPhone 11新款iPhone11国行手机ProMax,4198,上海,292人收货
vivo Z5x全面屏高通骁龙710大电池智能手机官方正品游戏手机新品vivoz5x限量版,1298,广东 东莞,292人收货
24期分期/Apple/苹果 iPhone 11 手机现货4G全网通新款iphone11 pro max官网旗舰店国行苹果x/iPhone xs max,5048,广东 深圳,291人收货
三防老人机超长待机4G全网通大屏大字大声联通电信版微信老年手机,178,北京,291人收货
Apple/苹果 iPhone XS Max 苹果xsmax手机 iphone XS双卡有锁,2820,广东 深圳,290人收货
【分期免息】OPPO K5 oppok5官方正品新款oppo手机 k3 k1 renoace,1799,广东 深圳,290人收货
Apple/苹.果 i.Phone 5S三网 苹.果5se手机全网通4S移动联通电信5,200,广东 深圳,289人收货
6+128G低至1139起+送CC果冻包】Xiaomi/小米CC9e手机官网官方旗舰拍照红米note8pro青春新品CC9E官方正品,949,广东 深圳,288人收货
Nokia/诺基亚E72i按键全键盘经典怀旧直板小学生塞班智能备用手机,145,浙江 杭州,288人收货
【至高省300】vivo Z5手机 全新品vivoz5 限量版 vivoz5x vivox21 x23 vivox27 y7s y9s x20 vovi旗舰官网bbk,1398,浙江 杭州,287人收货
至高省800 vivo iQOO Pro5G版全网通手机全新正品855Plus vivoiqoopro5g手机 iqoopro x27 iqoo5g版手机vivo,3498,江苏 南京,287人收货
【1年碎屏险+套餐赠音箱】OPPO Reno 全面屏4800万超清智能拍照AI美颜手机官方旗舰正品oppok3r17,2499,江苏 南京,287人收货
【6+64直降50】Huawei/华为 畅享 10 新款智能手机官方旗舰店10plus千元机畅想9全网通新品nova5ipro,899,安徽 合肥,287人收货
Huawei/华为 畅享7 Plus 高配4G全网通超长待机学生智能老人手机,488,广东 深圳,286人收货
全网通4G飞利浦E289老人机超长待机老年手机移动联通电信学生备用机大屏大字大声功能机按键智能男女款诺基亚,198,广东 深圳,285人收货
硕王 S8老人机超长待机直板女大屏大字大声移动联通版老年手机正品军工三防儿童小学生迷你按键备用手机,89,广东 深圳,283人收货
Apple/苹果 iPhone XS Max 苹果xs手机 苹果x国行双卡iphonexsmax,3100,广东 深圳,283人收货
华为mate20pro降价 正品 Huawei/华为 Mate 20 Pro全面屏手机UD版,2399,北京,282人收货
魅族16【当天发 直降1830】Meizu/魅族 16th Plus 手机  魅族16xs,1488,广东 深圳,282人收货
新款6.5寸正品P30水滴屏超薄游戏安卓智能手机学生价256G全网通4G,149,广东 深圳,282人收货
6期免息 当天发 选送AI音箱无线充/Huawei/华为 Mate 30 5G手机mate30pro5G官方旗舰店P30降价mate20正品新款,4999,浙江 杭州,282人收货
【当天发】HUAWEI/华为Mate30Pro5G版华为官方旗舰店5g全网通华为5g手机官网正品mate305g直降p30pro mate30x,6399,北京,282人收货
GINEEK/京立 G3老人机超长待机大字大屏大声直板电信版老年手机,59,广东 深圳,282人收货
【当天发货/送无线充】Huawei/华为 Mate 30 5G版 手机官网官方旗舰店华为手机mate30 pro 5g全网通mate40p30,4299,上海,281人收货
降价华为mate30 5G HUAWEI HUAWEI Mate 30 Pro新手机官方X保时捷,3258,上海,280人收货
OPPO R9S全网通4+64G指纹解锁OPPOR9双卡双待安卓智能手机R11plus,399,广东 深圳,280人收货
2019新款Apple/苹果 iPhone 11 6.1英寸屏  苹果手机双卡全网通,5040,浙江 杭州,280人收货
【优惠260元/6期免息】华为honor/荣耀 荣耀20全面屏四摄麒麟980智能手机新正品官方旗舰店官网燿v20pro直降,2299,广东 深圳,279人收货
Apple/苹果 iPhone 7 iPhone 7Plus 国行全新正品三网通4G手机,2070,广东 深圳,279人收货
【6期免息】小米9pro 5G骁龙855Plus新品无线智能游戏小米官方旗舰正品5g手机 小米9 红米手机 9pro,3799,江苏 南京,279人收货
现货华为honor/荣耀 荣耀V30 PRO智能手机 v30双模5G全新官方正品,3098,广东 深圳,278人收货
【领券至高减250/现货发售】华为HONOR/ 荣耀9X中移动官方旗舰店正品10青春新品 11X 20i v20 华为荣耀9X手机,1199,浙江 杭州,278人收货
【6期免息】小米CC9e索尼4800万全面屏手机拍照游戏智能学生屏幕指纹小米官方旗舰店9E正品CC9 Xiaomi,1099,江苏 南京,277人收货
官网HUAWEI 畅享9 PLUS 华为官方正品全面屏8旗舰新手机畅想9plus,698,广东 深圳,277人收货
华为nova5正品直降990元HUAWEI nova 5官方旗舰店nova5pro手机i 6,1388,广东 深圳,277人收货
分期免息正品R11Splus水滴屏全网通4G全面屏智能手机学生价非二手,178,广东 深圳,276人收货
Gionee/金立K3正品全面水滴屏全网通4G学生游戏手机双卡指纹6+128G内存拍照老人超长待机八核安卓智能手机,799,广东 深圳,276人收货
Nokia/诺基亚 新130老年机超长待机大字大声直板按键学生儿童备用老人机官方旗舰店正品经典怀旧迷你小孩手机,159,广东 深圳,276人收货
【新品】Nokia/诺基亚110直板迷你备用手机老人机超长待机老年按键经典款105,169,江苏 南京,275人收货
【6期免息 赠半年碎屏宝】vivo iQOO Pro高通骁龙855Plus处理器游戏全面屏指纹旗舰手机vivo iqoopro,3198,江苏 南京,275人收货
翻盖迷你儿童手机可爱卡通男女孩学生超小定位 Taiml/泰美利 K688,128,山东 济南,275人收货
Samsung/三星 Galaxy S10+ SM-G9750三星S10e港版N10+手机note10+,2368,广东 深圳,274人收货
【6期免息+送好礼】华为HONOR/荣耀20青春版新品手机官方旗舰店官网10全新正品9x全网通智能拍照20i屏幕指纹,1099,广东 深圳,274人收货
现货华为honor/荣耀 荣耀Play3手机官方旗舰荣耀piay3 荣耀paly3e,528,广东 深圳,274人收货
【赠359元耳机 享12期免息】vivo NEX 3 5G高通骁龙855Plus游戏屏幕指纹手机旗舰vivonex3 nex 5g手机,4998,江苏 南京,274人收货
【抢券至高省100】vivo U3x新品vivou3x千元拍照智能手机大电池官方旗舰店官网正品学生老人u1y93sx27,799,广东 东莞,274人收货
中兴守护宝F6S全网通4G学生价游戏手机全面水滴屏安卓指纹一体手机老人机大屏大声大字超长待机拍照智能手机,388,广东 深圳,273人收货
Apple/苹果 iPhone X iphonex现货正品美版国行苹果x xs max手机,1998,广东 深圳,273人收货
Apple/苹果 iPhone SE128G全网通手机国行se未激活全新正品分期,860,广东 深圳,273人收货
honor/荣耀 荣耀8青春版全网通64G高配版华为荣耀8指纹解锁手机4G,378,广东 深圳,272人收货
【分期免息】华为honor/荣耀 荣耀10 GT加速全面屏全网通128g手机,1138,广东 深圳,271人收货
诺基亚2610经典老人机超长待机大声按键工厂保密学生备用老年手机,39,广东 汕头,271人收货
Apple/苹果 iPhone XS Max 苹果xsmax iPhonexsmax手机8x 双卡,1440,广东 深圳,270人收货
新品【直降200元+当天发】Huawei/华为畅享10 Plus手机官方旗舰店官网正品畅想10直降pro荣耀9X非5G降价9plus,1399,辽宁 大连,270人收货
【领券减100+顺丰包邮12期分期】华为旗下honor/荣耀20i中移动官方旗舰店10青春8x 11x V20 9i 9X华为手机20i,1099,浙江 杭州,269人收货
华为mate30手机直降1000官方HUAWEI HUAWEI Mate 30 Pro保时捷x5G,3399,四川 成都,269人收货
直降950华为HUAWEI nova 5i nova5pro nova5 i Pro官方降价手机4e,1358,广东 深圳,268人收货
直降900】华为honor/荣耀 荣耀20i 全面屏官方新手机荣耀20pro 9x,868,广东 深圳,267人收货
小辣椒 G108正品4G全网通老人机军工三防老年手机超长待机电信版大屏大字大声定位学生机直板备用按键电话,66,广东 深圳,267人收货
送碎屏保】华为honor/荣耀 荣耀20i 全面屏官方新手机荣耀20s9x8x,688,广东 深圳,267人收货
立减300元 vivo Z5x手机限量版vivo官方旗舰店新品vivoz5x高配版vivox27 voviz5x手机bbk z5x vivo手机z3,1398,广东 东莞,266人收货
小米mix3【现货当天发】Xiaomi/小米 小米MIX 3 全面屏手机2smix4,2038,广东 深圳,266人收货
现货降价|华为p30proHUAWEI HUAWEI P30 PRO价官方正品手机mate30,2678,浙江 杭州,265人收货
【优惠800元 12期免息 送无线充】Samsung/三星Galaxy S10 SM-G9730骁龙855 4G游戏官方全面屏智能手机,5599,北京,265人收货
BIRD/波导 A660正品超长待机军工三防直板按键老人手机移动老年机大声大字大屏老人手机老年人手机全语音王,138,广东 深圳,264人收货
【立减200 新款上市】OPPO K5 oppok5手机官方正品opop新品 0ppo手机 oppor17 k1 k3 k7 k5x k5pro k6 a11x,1799,北京,264人收货
OPPO R9全网通4G智能5.5屏手机正品指纹解锁双卡双待oppor9S手机,600,广东 深圳,264人收货
vivo Z3i标准版全面屏智能双摄4G全网通学生全新正品官方旗舰店智能限量版手机vivoz3i,1198,广东 东莞,264人收货
vivo Z5新品vivoz5限量版智能手机官方正品旗舰店官网屏幕指纹学生新款vivoz5x z3x,1398,广东 东莞,264人收货
降价100元当天发货Huawei/华为 nova 5z 新款手机官方旗舰店nova5pro官网直降非5g全网通v30千元机5i荣耀9x,1499,广东 深圳,263人收货
花呗分期OPPO R11前后2000万拍照OPPOR9S手机全网通4G正品R15手机,629,广东 深圳,263人收货
低至879元【免息/送手环音响】华为honor/荣耀 荣耀8X手机降价play官方旗舰店8xmax官网10/20i/x8/v10/v20/9i,879,广东 深圳,263人收货
12期花呗免息可减430元/华为HONO 荣耀20PRO全面屏手机直降降价x9新荣耀20pro预售V20旗舰店20pro新品30pro,2699,广东 深圳,263人收货
分期免息Apple/苹果 iPhone 8Plus苹果8plus iphone8苹果8p手机8x,1220,广东 深圳,263人收货
畅享10plus【直降530】HUAWEI 华为畅享10 plus官方旗舰手机畅想9,958,广东 深圳,263人收货
尼凯恩 EN8C直板电信版老年手机大屏大字大声正品老人机超长待机男女款按键儿童学生迷你时尚小备用机,79,广东 深圳,262人收货
至高减500元 新品vivo Z5手机官网 vivoz5 vivoz5x限量版 vivox27 x23 z5x z3 x9 x20 x21 vovi官方旗舰店bbk,1398,上海,262人收货
【4G全网通】纽曼 C9三防手机正品军工电信版老人机超长待机老年手机移动女学生大屏大字大声音按键备用手机,168,广东 深圳,262人收货
正品老人智能手机大字声大屏老年机超长待机移动联通电信全网通4G,258,广东 深圳,248人收货
当天发24期分期送无线充Huawei/华为 Mate 30 Pro 5G手机mate30pro5g版全网通官方旗舰店p30直降正品免息新款,6399,广东 深圳,248人收货
送碎屏险 降价Pro版3738现货HUAWEI HUAWEI P30 PRO曲面屏手机P30,2668,广东 深圳,247人收货
Samsung/三星 Galaxy S10+ SM-G9750 S10plusS10e原装港版手机S9,2288,广东 深圳,247人收货
分期Apple/苹果 iPhone XS Max国行苹果xsmax双卡三网苹果xs手机,4300,广东 广州,247人收货
纽曼F1 正品迷你儿童个性跑车手机男女中小学生非智能超小汽车移动电信天翼版备用直板网红戒网可爱老人机,78,广东 深圳,246人收货
24期分期/送壕礼/HUAWEI 华为畅享 9e中移动手机正品官方旗舰店畅想9s 9 plus 8 8e 青春 7 MAX 8 9X 10,468,浙江 杭州,246人收货
5G手机【6期免息+送好礼】 Huawei/华为 Mate 30手机官方旗舰店5g正品mate30pro新款mate20pro直降nova6,3999,广东 深圳,246人收货
4G全网通皓轩H8军工三防老人机超长待机女款大屏大字大声直板按键移动电信版老年手机正品学生功能天翼小手机,39,广东 深圳,246人收货
分期免息Apple/苹果 iPhone XS Max苹果xsmax苹果xr双卡国行手机,2000,上海,246人收货
【低至1299元 套餐赠耳机】OPPO A11 全面屏拍照手机AI四摄大电池长续航4G全网通a11xa9a7a5,1299,江苏 南京,246人收货
Nokia/诺基亚 E66支持移动联通4G卡款音乐滑盖手机工作备老人手机,140,上海,246人收货
华为nova5pro降价HUAWEI nova 5 Pro 全面屏智能手机nova5 i pro,1368,广东 深圳,246人收货
现货【优惠2130】24期分期 Huawei/华为 Mate 20 华为Mate20手机官方旗舰店nova5G正品p30pro直降价mate30,2699,山东 济南,246人收货
【256G低至1889元起】华为HONOR荣耀9X PRO麒麟810手机x9荣耀9x系列官方旗舰店20i正品直降9xpro学生20青春版,1999,广东 深圳,246人收货
【三期免息】Apple/苹果iPhone8Plus苹果8plus国行正品苹果8x手机,1666,湖北 武汉,245人收货
当天发【直降100元】Huawei/华为 nova 5z 新款手机官方旗舰店nova5pro官网直降5g全网通v30千元机5i荣耀9x,1499,安徽 合肥,245人收货
【限时6期免息】华为HONOR/荣耀V30 PRO麒麟990双模5GSOC芯片突破性相机矩阵手机正品苏宁易购官方旗舰店,4199,江苏 南京,245人收货
华为mate30 5g降800 HUAWEI HUAWEI Mate 30 Pro 5G正品手机pro,3068,河南 郑州,245人收货
花呗OPPO R11手机全网通4G R9指纹双卡双待 oppo r9s智能拍照手机,629,广东 深圳,244人收货
Samsung/三星 GALAXY S8+plus 港版美版s8全网通4G曲面屏智能手机,1498,广东 深圳,243人收货
亏本冲量】华为honor/荣耀 荣耀畅玩8A 全面屏C正品畅玩8手机7a7x,448,广东 深圳,242人收货
当天发 华为honor/荣耀 荣耀9i 全面屏智能手机 双卡双待全网通4G,785,广东 深圳,242人收货
限时优惠/选送手环等】当天发Xiaomi/小米 红米note8pro手机6400万四摄全面屏拍照学生RedmiNote8旗舰官网k30,1189,广东 深圳,242人收货
【6+64GB版999元】华为honor荣耀10青春版全面屏手机9x官网直降官方旗舰店新款正品8x系列20s青春版play3麒麟,868,上海,242人收货
Apple/苹果 iPhone 11 Pro Max 新款iphone 11有锁苹果11国行手机,4650,广东 深圳,242人收货
正品SAILF R20智能手机8核4G全网通双卡双待安卓超薄水滴屏全面屏学生游戏超长待机送vivo小米鼠oppo华为耳机,398,广东 深圳,242人收货
vivo Y93手机通4G vivoy97美颜拍照  面部解锁 vivo手机 智能手机,770,广东 惠州,242人收货
Xiaomi/小米 Redmi 7A 红米7a新手机8a小米手机官网旗舰note5x 6a,468,广东 深圳,242人收货
Apple/苹果 iPhone XS Max 苹果xsmax苹果xr xs双卡手机iphonexr,3500,广东 深圳,241人收货
【优惠减200】OPPO K5 oppok5新品手机限量超薄oppok5全新正品k3 oppor17 r15 a5 a9x 0ppok3 0pp0k1 0oppok5,1799,湖南 长沙,240人收货
【分期0首付】 vivo Z5限量版正品新手机学生游戏vivoz5x z5骁龙,1099,广东 深圳,239人收货
三星B309老人手机电信天翼4G版学生小巧备用按键直板老年款小灵通,45,广东 深圳,239人收货
vivo X9S 全网通Y66原装正品y67面部解锁x9plus智能vivoX20手机x9,438,广东 广州,239人收货
【咨询优惠290元】华为Honor/荣耀20S超级人像夜景超广角三摄新品官方旗舰店官网正品手机新款直降9xproi降价,1599,广东 深圳,239人收货
【每天前300名赠EP3C耳机】Meizu/魅族16s旗舰新品4800万OIS光学防抖骁龙855全面屏商务手机官方旗舰店正品,2699,广东 珠海,239人收货
花呗OPPO R9S手机 全网通4G+64G指纹R11双卡双待 r9智能大屏手机,638,广东 深圳,238人收货
【6期免息+优惠1100】Huawei/华为 P30 Pro官网官方旗舰店手机30正品p30直降mate20x/p20新款荣耀30pro,3388,广东 深圳,238人收货
【优惠430元 6期免息】Samsung/三星 Galaxy A70 SM-A7050 4G智能手机屏下指纹解锁全网通游戏拍照手机,2099,北京,238人收货
vivo Y9s新款上市4800万四摄拍照智能大电池手机官方正品旗舰店官网vivox27 vivoy3 s5 y9s,1998,广东 东莞,238人收货
OPPO R17 全网通oppor17水滴全面屏手机RENO手机renoace r17pro,1798,湖北 武汉,237人收货
24期分期/送壕礼/速发/Huawei/华为 Nova 4中移动手机正品官方旗舰店新款青春版3i 2s 3e 3 4e 5 Pro 6 5i 5z,1198,浙江 杭州,237人收货
当天发6期免息+可送小爱音箱 Xiaomi/红米K30手机 小米官方旗舰店RedmiK30官网尊享版非5G全网通redmik30pro,1599,广东 深圳,237人收货
正品路虎三防智能老年手机全网通军工超长待机大屏大声老人机大字,186,广东 深圳,237人收货
【24期分期】HUAWEI/华为 Mate 30 5G版手机华为官方旗舰店全网通华为5g手机正品直降p30pro官网mate30pro5g,4999,北京,227人收货
优思us9翻盖手机老人机超长待机移动电信版老年机大字大屏大声音男女款学生备用正品天翼双屏4G老人手机功能,99,广东 深圳,227人收货
【购机加赠耳机】OPPO A9全面屏AI智能双摄美颜拍照长续航大内存正品学生全网通4G手机oppoa5 a7 a3,1499,广东 东莞,226人收货
【4G全网通】纽曼L9老人机超长待机正品老年手机军工三防功能按键移动联通电信版大屏大字大声音学生女款手机,168,广东 深圳,226人收货
迷你电信可爱个性超薄儿童袖珍备用女学生卡片小手机KUH/酷和 T3,78,山东 济南,225人收货
【限时优惠200】华为旗下HONOR/荣耀畅玩8A 6.09英寸珍珠全面屏智能手机官网正品学生官方旗舰店,599,广东 深圳,225人收货
魅族16x【原厂原封现货发顺丰】Meizu/魅族官方旗舰x8骁龙710手机,988,河南 郑州,225人收货
【新品 3期免息】一加7tPro手机全新正品迈凯伦OnePlus 骁龙855plus 一加7t 一加7手机官方旗舰官网 一加7pro,4599,广东 深圳,225人收货
米语 V23全面水滴屏全网通4g安卓智能手机大屏学生价游戏正品便宜,602,广东 深圳,225人收货
酷驰 X23全网通4G网络智能游戏学生价水滴屏正品新手机八核128G,348,广东 深圳,224人收货
领券减400元期分期免息12华为honor/荣耀 荣耀V20手机麒麟980官方旗舰正品note 20 Pro新荣耀v20pro 20se V30,1699,广东 深圳,224人收货
Apple/苹果 iPhone 8 Plus 苹果8代 8P国行正品手机8X苹果8Puls,1150,湖南 长沙,223人收货
Apple/苹果 iPhone 11 Pro Max国行港行11por全网4G手机苹果11,3598,四川 成都,223人收货
已降100/送移动电源/华为 HUAWEI nova 5z中移动手机正品官方旗舰店 麒麟810 畅享10 nova 5 pro 5i 9x plus,1499,浙江 杭州,223人收货
一加7Tpro官网OnePlus/一加 GM1910 手机官方旗舰7t七1+6t1加7pro,2949,广东 深圳,223人收货
下单减100 vivo Z5X手机全面屏新品官网旗舰 vivoz5x z3 u1 s1 x21 x23 z5x限量版 z5x高配版 vivo z5x,1298,上海,223人收货
honor/荣耀 荣耀play 全网通华为荣耀paly麒麟970游戏手机,1018,广东 深圳,222人收货
【限时降400 分期免息】OPPO A5手机oppo新品 a5 a57 a1 r11 a79 r9s a3 0ppoa9 0pp0k1 opop手机正品oppoa5,699,北京,222人收货
现货 华为mate30pro5G版HUAWEI HUAWEI Mate 30 5G 手机保时捷5G,3468,上海,222人收货
正品DOOV/朵唯D1全网通4G适合老人用的智能机手机全语音大字大声大屏幕手写女老年机超长待机省钱简单版电信,499,广东 深圳,222人收货
官方Xiaomi/小米 Redmi K30 5G红米k30pro手机plus新20尊享版5g,1458,广东 深圳,221人收货
【到手价879起+现货速发】华为旗下/HONOR荣耀8X手机中移动官方旗舰店10青春11X 20i 9X Pro华为荣耀8x手机,899,浙江 杭州,221人收货
【咨询减100元】华为HONOR荣耀9X PRO系列新品智能4g全网通麒麟810手机官方旗舰店官网正品v20ipros直降,1999,广东 深圳,221人收货
新品Xiaomi/小米 小米9 pro5G骁龙855plus全面屏手机mix4官方9pro,2428,广东 深圳,220人收货
【12期分期 送好礼】Meitu/美图T9手机旗舰店官方正品美颜自拍摩卡小樱美少女限量版最新款手机,999,山东 济南,220人收货
分期Apple/lPhone 6splus 苹.果6sp 苹.果6s手机全网通国行正品4G,879,广东 深圳,220人收货
Apple/苹果 iPhone XS Max 双卡苹果xs 手机 iphone XS美版有锁xs,3500,广东 深圳,220人收货
诺基亚老人机手机全网通超长待机大屏大声大字老年人中兴电信版4G,106,广东 广州,220人收货
Apple/苹果 iPhone 8国行 苹果8p全网通 iPhone 8plus苹果8代手机,2208,广东 深圳,220人收货
Gionee/金立 A326+双屏翻盖手机 双卡双待超长待机 大字体大声音大电池 商务手机按键老人手机,298,湖北 武汉,219人收货
纽曼 M560C老年机学生女手机大屏大字大声音老人机超长待机移动电信版老人手机直板按键中老年手机备用功能机,99,广东 深圳,219人收货
迷你超薄卡片手机儿童学生戒网非智能小手机ailyfu/爱来福 L520,63,广东 深圳,219人收货
分期Apple/iPhone 6splus 苹.果6sp 苹.果6s手机全新全网通正品4G,950,广东 深圳,219人收货
【新品】飞利浦/PHILIPS E109环保材质防尘直板按键移动联通双卡双待老人手机学生备用老年功能手机,89,江苏 南京,218人收货
【8+256G到手价2249起+现货】华为旗下HONOR/荣耀20中移动官方旗舰店正品20i 10青春11X20华为荣耀v30pro手机,2299,浙江 杭州,218人收货
军工路虎三防智能手机全网通4G超长待机大声大字屏老年老人机正品,268,广东 深圳,218人收货
分期免息Apple/苹果 iPhone 8 Plus 苹果 8 三网通4G全新国行手机,2050,广东 深圳,218人收货
华为mate30ProHUAWEI HUAWEI Mate 30 5G Pro版官方店手机保时捷X,3418,广东 深圳,218人收货
Xiaomi/小米 小米CC9美图定制版小米cc9e手机官网旗舰cc9pro新se,918,广东 深圳,218人收货
【12期免息】OPPO Reno opporeno手机官网旗舰opporeno3 pro新款上市10倍变焦oppor17 0ppo未来x reno2 findx,1999,上海,217人收货
华为nova5z【免息立减260】HUAWEI nova 5z手机官方正品nova5Z 5i,1358,广东 深圳,216人收货
【至高省50】vivo U1水滴全面屏大电池拍照智能4G官方正品手机指纹双识别vivou1 y73 Z3 iqoo,749,江苏 南京,216人收货
【双12大促】Samsung/三星 GALAXY Note9 SM-N96000 港版美版手机,2538,上海,216人收货
Apple/苹.果 i.Phone SE 正品5se2三网4s学生5s备用4G手机6非租凭,158,广东 深圳,216人收货
24期分期/领券减200元 Huawei/华为 nova 5 Pro官方旗舰店正品nova5手机5g新款p20官网p30直降nova5pro荣耀20,2199,上海,215人收货
24期分期/领券减200元 Huawei/华为 nova 5 Pro官方旗舰店正品nova5手机5g新款p20官网p30直降nova5pro荣耀20,2199,上海,215人收货
【直降800+碎屏保】Xiaomi/小米 小米Max3大屏全面屏全新手机mix4,899,广东 深圳,215人收货
【李现同款】华为honor/荣耀 荣耀20S手机官方旗舰荣耀9X荣耀20se,1058,广东 深圳,215人收货
【下单减300】vivo iQOO Neo 855版手机 vivoiqooneo vivoiqoo iqooneo2 iqoopro iq00 5g vovi官方旗舰店bbk,1998,浙江 杭州,215人收货
分期Apple/苹果 iPhone 8 Plus 全新国行苹果8全网通iphone8x手机,1966,上海,215人收货
分期免息Apple/苹果 iPhone XR  iphonexr手机 苹果xr 8x xs max,1848,广东 广州,215人收货
魅族X8【免息送碎屏险现货】Meizu/魅族 X8手机16spro魅族note8,849,广东 深圳,214人收货
【顺丰当天发】Meizu/魅族16T骁龙855旗舰手机魅族16spro现货16th,1999,河南 郑州,214人收货
Apple/苹果 iPhone XR iphonexr 国行美版苹果xr xsmax 8x手机,3660,广东 深圳,213人收货
24期分息/优惠580元 Huawei/华为 nova 4e全网通华为官方旗舰店正品官网p30手机nova5pro/新品Mate30降价荣耀,1199,上海,213人收货
选原装配件】ROG游戏手机2败家之眼rog电竞游戏手机正品旗舰骁龙855plus腾讯定制精英版经典版玩家国度二3代,5999,广东 深圳,212人收货
6+128G到手价1059起 Xiaomi红米note7pro小米手机官网旗舰店redmi note8官方K20 pro新品8se七cc9学生play,1099,上海,212人收货
领券立减260现货速发/华为旗下HONOR/荣耀20全面屏手机官方旗舰店20青春版11X 8x 20 V20 20s 华为荣耀20直降,2299,浙江 杭州,212人收货
Apple/苹果 iPhone 11 Pro Max 苹果iphoen11pro港版美版有锁手机,3558,广东 深圳,212人收货
华为nova5正品直降999元HUAWEI nova 5 Pro官方旗舰店nova5i手机6,1558,广东 深圳,212人收货
【直降451元】Xiaomi/小米 小米CC9 PRO官方红米cc9pro尊享版手机,2488,河南 郑州,211人收货
送27W充头】小米红米k20 pro官方尊享版现货redmi k20 pro白色骁龙855plus手机处理器官网旗舰店夏之密语k30,2249,广东 深圳,211人收货
Nokia/诺基亚新品翻盖老人手机超长待机移动联通电信4G大声老年机,188,广东 深圳,211人收货
分期免息Apple/苹果8plus全网通4G全新国行iphone8plus苹果手机8,2100,广东 深圳,210人收货
Lenovo/联想 Z6 Pro 骁龙855 4800万AI四摄 4000mAh大电池 PC级液冷散热 游戏手机 全网通4G 官方双卡双待,1999,北京,210人收货
新品 华为mate30pro5G版HUAWEI HUAWEI Mate 30 Pro 5G官方旗手机,3499,上海,210人收货
VJVJ V21(X21S)学生价水滴全面屏超薄游戏安卓智能4G全网通手机,368,广东 深圳,210人收货
【下单减200元】Huawei/华为 nova 5 Pro新款手机官方旗舰店官网降价非5g全网通mate30pro手机p30正品5i荣耀6,2599,广东 深圳,209人收货
OPPO Reno Ace手机opporenoace官方正品oppoace renoace reno2 z,2999,北京,209人收货
低至949元起选电源/小风扇 中移动Xiaomi/小米 小米CC9e 骁龙665+4800万拍照游戏智能手机小米9CC,959,浙江 杭州,209人收货
Apple/苹果 iPhone X 全新美版4G全网通苹果X正品iphonex手机XrXS,3300,广东 深圳,209人收货
分期免息Apple/苹果 iPhone 8 Plus苹果8plus国行4G全网通8代手机,1138,广东 深圳,209人收货
直降460元现货免息送好礼华为honor/荣耀V20手机官方旗舰店正品官网降价荣耀9x/v30pro/华为nova5直降非5g,1699,广东 深圳,209人收货
【顺丰包邮 】OPPO K3全网通oppok3指纹超薄全屏拍照手机R17 A5 A,1198,山东 济南,209人收货
vivo Z5X极点全面屏 高通骁龙710官方新品正品手机vivoz5限量版,858,广东 深圳,209人收货
【官方正品】华为honor/荣耀 荣耀Play3手机8x旗舰新品荣耀play3e,499,广东 深圳,208人收货
Apple/苹果 iPhone 11 6.1英寸屏 iPhone2019 苹果手机双卡全网通,4968,北京,208人收货
Apple/苹果 iPhone XS Max  iPhone xs 苹果xs Max国行双卡手机8X,3138,广东 深圳,208人收货
分期免息Apple/苹果 iPhone 8 Plus 全网通4G全新国行iphone8手机,2048,广东 深圳,208人收货
Newmind F15跑车翻盖汽车迷你儿童卡通个性男女中小学生备用手机,85,山东 济南,207人收货
OPPO Find X全网通4G智能高通骁龙845手机 oppofindx曲面屏手机,2498,浙江 杭州,207人收货
索爱 sa-z8翻盖老人机移动电信版老人手机大字体天翼4G联通老年机超长待机大屏学生男女款诺基亚老年手机正品,279,广东 深圳,207人收货
【立省400】红米note7pro 全面屏手机4800万大电量拍照智能小米官方旗舰正品红米note7 红米note8,1199,江苏 南京,207人收货
6+128G版低至1049元起Xiaomi/小米redmi note7 pro红米note7pro手机官网旗舰店红米note8pro学生正品全网通,1059,广东 深圳,207人收货
现货华为mate30rs保时捷设计HUAWEI HUAWEI Mate 30 Pro 5G手机,12588,北京,207人收货
小辣椒9X手机多开分身8g运行128g大内存智能学生价千元电信备用游戏小屏幕双卡4g全网通老年老人机官方旗舰店,999,广东 东莞,207人收货
诺基亚超薄翻盖移动双卡老年机大字大声  电信超长待机老人手机4G,208,广东 深圳,207人收货
【三期免息】Apple/苹果 iPhone 8苹果8Plus三网4G全新国行8X手机,1558,上海,206人收货
华为荣耀畅玩7 全面屏智能老年机老人手机男女学生款畅享8e青春大屏大字大声官方正品降价备用小畅玩8 8a 8c,439,广东 深圳,206人收货
朵唯W88儿童手机 小学生可爱卡通男女迷你超小非智能正品移动电信版超长待机小孩初中高中学生价只可接打电话,78,广东 深圳,206人收货
5G分期立省pro1400现货Huawei/华为Mate 20 X全面屏手机mate20X,1598,北京,206人收货
256G低至18?9元起【送果汁机/手环】华为HONOR荣耀9X PRO新品手机官网正品官方旗舰店全新荣耀20 9xpro/5g,2199,广东 深圳,206人收货
分期免息下单减300 vivoiQOO Pro骁龙855Plus新品游戏手机爱酷vivoiqoopro 5g 4g iqoo nex3 x23 x27 iqoopro,2898,上海,205人收货
中兴守护宝L6老年机翻盖手机大屏大字大声移动联通老人手机超长待机男女款全语音老年手机学生戒网手机老人机,199,广东 深圳,205人收货
华为honor/荣耀 荣耀8青春版高配八核全网通4G智能指纹手机,298,广东 深圳,205人收货
vivo S1升降摄像头全面屏智能拍照手机官方旗舰店官网正品vivox21vivox23新品vivos1,1598,广东 东莞,205人收货
皓轩（手机） H5三防老人机大字大声直板移动联通电信老年手机学,38,江苏 常州,205人收货
立省450元选充电宝】12分期Xiaomi/小米红米note8pro官方手机官方旗舰店redmi note 8 pro官网小金刚支持NFC,1199,广东 深圳,204人收货
AGM（手机）M5三防老人机4G3G2G全网通移动联通电信手机微信老年机触屏超长待机大字体按键防摔防水老人手机,499,广东 深圳,204人收货
BlackBerry/黑莓 Classic Q20 BB10全键盘智能三网电信4G智能手机,229,广东 深圳,204人收货
Nokia/诺基亚3100直板备用手机按键功能学生经典怀旧老年老人机,48,浙江 杭州,204人收货
诺基亚三防手机军工正品老人手机超长待机大字大声老年机全网通4G,158,广东 深圳,204人收货
vivo y67全网通手机指纹 vivoy67手机Y66手机美颜拍照VIVO Y67,320,广东 深圳,203人收货
Apple/苹.果 i.Phone 5s苹.果手机全网通移动联通电信三网se机,299,广东 深圳,203人收货
正品全网通4G安卓智能水滴全面屏6.5寸超薄学生特价恒心note手机,248,广东 深圳,203人收货
拍下减200元 vivo iQOO Neo 855骁龙新版全网通手机 vivoiqooneo vivoiqoo iqooneo855 pro 5g vivox27 iq00,1998,上海,203人收货
Apple/苹.果 6s plus 正品6sp苹.果7国行6splus苹.果7 plus手机7P,850,广东 深圳,203人收货
OPPO A59S全网通4G运存正面指纹识别原装正品智能4G手机 oppoa59s,345,广东 深圳,202人收货
咨询领券最高减70送手环/耳机等10选1礼12期中移动小米redmi note8四摄手机红米8pro官方旗舰店 Pro 7Pro,989,浙江 杭州,202人收货
Huawei/华为 P20 Pro全网通双卡4g徕卡三摄全面屏6G运存手机正品,1518,广东 深圳,202人收货
【现货速发/分期免息0首付】nubia/努比亚新品红魔3s电竞游戏手机官方旗舰店官网4代正品骁龙855plusMarsZ,1658,上海,202人收货
天语（K-TOUCH）E2 电信2G 直板按键老人手机 超长待机学生备用 老年机 电信手机 电信老人机 官方正品 手机,149,江苏 南京,202人收货
【三期免息】Apple/苹果iPhone8 Plus全网通4G全新国行苹果8X手机,1666,上海,202人收货
【直降800元】Xiaomi/小米 小米8骁龙845探索版小米8SE手机NFC2S,1099,广东 广州,202人收货
Apple/苹果 iPhone X 正品全新美版XRXS全网通4G苹果X手机iphonex,3300,广东 深圳,201人收货
新品直降200元当天发Huawei/华为 畅享10 plus 手机官方旗舰店畅想9plus新款nova5pro正品5i学生手机5g荣耀,1058,广东 深圳,201人收货
MIUI/小米4手机移动联通电信全网通4G安卓智能高配3g运行4C现货,165,广东 深圳,201人收货
分期免息Apple/苹果 iPhone 8 Plus苹果8iphone8p美版全网通手机,1690,广东 深圳,201人收货
Apple/lPhone 6splus 苹.果6sp 苹.果6s手机7代7plus全网通正品7p,780,广东 深圳,201人收货
【华为Nova5直降990】HUAWEI nova 5 Pro官方全新正品手机5i,1008,河南 郑州,200人收货
24期分期/新品当天发】Huawei/华为nova 6 5G/4G官方旗舰店正品华为nova6手机5g全网通p30直降mate30新款5pro,3199,北京,200人收货
分期免息Apple/苹果 iPhone XR 苹果xr iphonexr手机 8x xs max,3440,广东 深圳,200人收货
分期 Apple/苹果 iPhone 8 Plus 苹果8Plus 美版国行4G苹果8P手机,2040,广东 深圳,200人收货
分期Apple/苹果 iPhone 8 Plus 国行正品全新iPhone8手机三网通4g,1658,浙江 杭州,200人收货
现货】Apple/苹果 iPhone 11 Pro Max官网美版promax港版国行手机,3668,广东 深圳,200人收货
诺基亚1050经典怀旧老人机带手电筒儿童学生备用机部队保密小手机,63,广东 深圳,199人收货
直降200/送10选3壕礼/24期分期 Huawei/华为 畅享10 Plus 手机官方旗舰店畅想9plus正品P30pro nova 5i荣耀9x,999,山东 济南,199人收货
Philips/飞利浦 E209J 移动2G 双卡双待超长待机直板按键正品 老人手机 学生功能机 老人机 飞利浦手机e209j,99,江苏 南京,199人收货
【直降690+碎屏保】华为honor/荣耀 荣耀8X新手机s降价荣耀9x MAX,798,广东 深圳,199人收货
立减1381华为mate30 HUAWEI HUAWEI Mate 30 Pro手机官方X保时捷5,3428,广东 深圳,199人收货
Meizu/魅族 魅蓝NOTE2移动联通4G双卡双待MX5安卓智能游戏手机3s,80,广东 深圳,199人收货
花呗分期Apple/苹.果6s plus国行正品苹.果6s手机6sp全新三网通4g,888,上海,199人收货
Apple/苹果 iPhone 11港韩日美版有无锁机手机 pro max分期xs max,3800,天津,199人收货
honor/荣耀 荣耀play 全网通华为新荣耀paly麒麟970游戏手机plαy,999,上海,199人收货
12期分期OPPO A11x 手机官方新品正品全新机oppoa11x  oppo手机a9,1299,广东 广州,199人收货
【下单立减100，到手价1599】Samsung/三星 Galaxy M30s SM-M3070 游戏智能拍照 4G手机官方正品,1699,江苏 南京,199人收货
Nokia/诺基亚5310XM超薄直板按键大声移动联通备用学生老人手机,75,广东 深圳,198人收货
【低至699元起】OPPO A5 oppoa5手机限量超薄oppo未来x oppoa5 oppok5 k3 oppoa9 a11x oppo官方旗舰店 0ppo,899,山东 济南,198人收货
现货华为honor/荣耀 荣耀V10全网通电信正品v9i全面屏智能4G手机,1108,广东 深圳,197人收货
【限时低至1399元】华为旗下HONOR/荣耀 Note10 大屏幕液冷双Turbo官方旗舰店官网正品游戏手机,1599,广东 深圳,197人收货
诺基亚老人机超长待机大屏大字大声华为全网通4G电信版老年人手机,106,广东 广州,197人收货
Huawei/华为 P20 Pro全面屏徕卡三摄全网通6g运行正品手机降价P20,1508,上海,197人收货
顺丰速发Xiaomi/小米 小米8 青春版学生手机正品官方旗舰店8pro note 8se小米9屏幕指纹版7八官网红米play 10,1029,广东 深圳,197人收货
Philips/飞利浦 E256S正品双屏商务翻盖手机老年机大字大声大屏超长待机 移动双卡按键学生功能老人备用机,279,江苏 南京,197人收货
【咨询可减+24期付款】华为HONOR荣耀9x手机升降全面屏麒麟810学生老人全网通4G官方旗舰店9xpro降价20i 8x,1199,北京,196人收货
【到手价869起+顺丰包邮现货】华为旗下荣耀10青春版中移动旗舰店10 11X 8X 10青春华为荣耀10青春手机9x 20i,899,浙江 杭州,196人收货
【华为mate30降750】HUAWEI HUAWEI Mate 30pro正品手机5G麒麟990,3078,河北 石家庄,196人收货
[当天发货] 新品 vivo U3x 手机 vivou3x 千元机 vivoy93 vivoy3 y97 u3  s1pro nex3 vivoy7s 5g vivo手机,799,上海,196人收货
Nova5pro直降1000元 华为HUAWEI nova 5 Pro 星耀版全新手机5i,999,河北 石家庄,196人收货
【现货当天发】honor/荣耀 荣耀magic 2 魔术2手机 荣耀magic 20,1578,广东 深圳,196人收货
[送座充]小辣椒Q8老年手机超长待机正品直板移动电信版女款学生功能按键4G全网通诺基亚大屏大字大声音老人机,99,广东 深圳,195人收货
现货Huawei/华为 Mate 20 Pro全面屏手机mate20X 5g版 mate20Pro,1918,北京,195人收货
LG G6 韩版 美版 移动联通电信4G全网通  高通骁龙821 三防手机,275,广东 深圳,195人收货
*,899,辽宁 大连,195人收货
华为5G版降价 mate30pro HUAWEI HUAWEI Mate 30 智能旗舰4G手机,3068,广东 深圳,195人收货
【优惠1870/当天发货】Huawei/华为 P30 Pro手机官方旗舰店p30直降价官网5g新款华为nova5 pro全网通mate30,3388,上海,195人收货
24期免息 新品vivo S5手机官网新款上市 vivos5 s5pro vivos1 vivox27 x23 x21 vovix20官方旗舰店vivos5x,2698,上海,195人收货
当天发/24期分期/送手环 华为honor/荣耀 荣耀Magic 2手机魔术2官网magic2旗舰店10荣耀majic2滑盖麒麟980,1678,广东 深圳,194人收货
华为honor/荣耀 荣耀8全新全网通电信正品 9青春版8x智能4G手机,608,广东 深圳,194人收货
Xiaomi/小米 Redmi 7A 红米6a 4A5A全网通4G老人学生智能手机正品,219,广东 深圳,194人收货
【限时1299元起+耳机】OPPO K3 oppok3手机新品全新机正品k1oppor170ppok3手机 0ppo官方旗舰 oppok3手机,1399,上海,194人收货
现货直降Apple/苹果 iPhone 11国行iphone11双卡全网通手机苹果11,4888,陕西 西安,194人收货
【下单立减200元】OPPO K5手机 oppok5新款手机 k5新品oppok3 k1,1799,北京,193人收货
下单立减100  vivo U3x手机 vivou3x手机官方旗舰店 vivo手机 y97 y66 vivou1 z3 z1 y51 x9 u1 千元智能手机,799,广东 深圳,193人收货
vivo X21全面屏智能手机全网通vivox21屏幕指纹版X21手机vivoX20,1010,浙江 杭州,193人收货
vivo y66手机全网通智能正品vivoY67步步高vivoy66i手机vivoY55l,480,浙江 杭州,192人收货
新品【200元优惠券】Huawei/华为 畅享9S官网官方旗舰店正品手机畅想9s /p20/学生/新品9X荣耀10plus直降,1099,广东 深圳,192人收货
vivo y66 全网通手机Y55 y67电信智能大屏美颜拍照 Y51学生老人,306,广东 深圳,192人收货
Samsung/三星 GALAXY S8+plus 美版港版s8国行曲面屏全网通4G手机,1200,上海,192人收货
【购机赠耳机】OPPO K5全面屏6400万四摄4G拍照游戏智能手机官方旗舰店正品oppok5 k3 k1,2499,广东 东莞,192人收货
华为9x官方正品 honor/荣耀 荣耀9x 新品华为荣耀9xpro旗舰手机,879,广东 深圳,190人收货
花呗分期Apple/苹.果6s plus国行正品苹.果6s手机6sp全新三网通4g,870,广东 深圳,190人收货
Apple/苹.果 i.Phone SE 苹.果5手机全网通4S移动联通电信5S三网5,199,广东 深圳,190人收货
Xiaomi/小米 小米6手机 高通骁龙835全网通4G 米5S王者吃鸡展示机,329,广东 深圳,190人收货
全新正品P30水滴全面屏超薄学生价指纹全网通4G游戏安卓智能手机,118,广东 深圳,190人收货
直降1180华为mate30pro5G版HUAWEI HUAWEI Mate 30 Pro手机保时捷,3428,广东 深圳,190人收货
领券立减Meizu/魅族 魅族16s Pro旗舰魅族16spro手机16pro魅族16T,2699,广东 深圳,190人收货
OPPO K3 oppok3新品手机 oppo手机k3 0pp0k3 opopk3 0ppok3 oppok5 k1 a9 a5 r19 r17 r15 a9xa7 未来x限量版,1199,广东 东莞,189人收货
正品4G全网通新手机学生价全面屏超薄游戏智能安卓水滴屏128G手机,278,广东 深圳,189人收货
Xiaomi/小米 小米手机5 全网通高配版双卡4g标准智能安卓游戏root,420,广东 深圳,189人收货
华为p30pro直降700元HUAWEI HUAWEI P30 PRO现货手机曲面屏正品,3179,北京,189人收货
[至高可省950] vivo X27 vivox27 幻彩版x23 x21 x23 nex z5x vivox20pro 官网 vivox27pro vivox20 手机vivo,2498,上海,189人收货
MELROSE 2019超薄超小迷你双卡电信三网通4G版小屏智能手机,258,广东 深圳,188人收货
【直降399】Xiaomi/小米 redmi note 7 pro红米Note8Pro新手机CC9,798,广东 深圳,188人收货
【低至858元起】送手环/音箱 华为honor/荣耀 荣耀10青春版手机官方旗舰店v10荣耀paly官网8xmax9/20i荣耀10,868,广东 深圳,188人收货
【咨询客服最高优惠430/6期免息】华为旗下honor/荣耀20PRO中移动正品官方旗舰店麒麟980手机20 v30华为20pro,2699,浙江 杭州,188人收货
Motorola/摩托罗拉 V8(512M)2G经典怀旧超薄翻盖商务备用老人手机,245,广东 深圳,187人收货
花呗分期Apple/苹.果6s plus国行正品苹.果6s手机6sp全新三网通4g,880,广东 深圳,187人收货
Samsung/三星 Galaxy Note10+ SM-N9760 5G 韩版Note 10+港版手机,4300,广东 深圳,187人收货
新品Xiaomi/小米 小米CC9 PRO官方旗舰美图定制e手机cc9pro尊享版,2288,上海,187人收货
分期免息大屏幕智能机全网通学生价4G安卓便宜手机水滴屏儿童拍照全面屏电竞游戏刘海曲面屏老人老年大字大声,398,广东 深圳,187人收货
【已降1000元+12期免息】OPPO Reno opporeno手机全新机oppo新品renor17r19r15x0pp0reno10倍变焦版0ppo手机,2499,浙江 杭州,187人收货
老年人手机4g全网通超长待机大声电信联通老人机Nokia/诺基亚 230,98,广东 深圳,187人收货
Apple/苹果 iPhone X国行iphonex全网通4G手机正品苹果xs max美版,3350,上海,186人收货
honor/荣耀 荣耀9x pro官方正品全面屏旗舰新品手机8x华为荣耀9x,898,广东 深圳,186人收货
Nokia/诺基亚 3310 直板老人机学生男女备用经典迷你小手机官方旗舰店老年款功能机正品全新洛基亚非智能怀旧,299,北京,186人收货
朵唯 S1触屏手写全网通4G老人用学生小手机非智能可微信QQ热点大字大声大屏联通天翼电信版老年手机超长待机,299,广东 深圳,186人收货
OPPO K1全网通手机6.4英寸水滴屏oppok1新款oppok3 R15x正品联保,1039,山东 济南,185人收货
纽曼 F8翻盖老人手机大屏大字大声音军工三防老年手机超长待机正品备用功能机男女款老人机移动电信版老年机,158,广东 深圳,185人收货
Apple/苹果 iPhone 7 Plus国行三网通全新正品iPhone7苹果7P手机,1900,广东 深圳,184人收货
直降500【6期免息】Huawei/华为P30 Pro手机官方旗舰店正品华为p30pro手机直降mate30pro官网5g新款P20荣耀,3388,北京,184人收货
Apple/苹.果 i.Phone 5S三网 苹.果5se手机全网通4S移动联通电信5,199,广东 东莞,184人收货
【立减300】OPPO Reno Ace opporenoace手机高达版opopreno2新款上市0pp0r17pro r11s 0pporeno3手机oppoace,3199,北京,183人收货
新品上市OPPO A11X oppoa11x 手机新款oppo手机正品oppok3 oppok5 0ppor15x r17 r19 oppoa11 oppoa9旗舰r11,1799,上海,183人收货
诺基亚新105(TA-1010)工厂车间保密机按键双卡老人学生功能小手机,75,广东 深圳,183人收货
【12期免息加赠音箱】OPPO Reno opporeno全面屏正品官方旗舰4800万超清拍照智能手机R15 R17,2499,广东 东莞,183人收货
Meizu/魅族 魅蓝3S全网通4G NOTE6大屏智能老人学生手机魅蓝Note5,190,广东 深圳,183人收货
OPPO R11 Plus新品r9s手机全网通oppor11官方正品全面屏oppor11s,789,浙江 杭州,183人收货
[送座充]小辣椒A8老年手机超长待机大屏大字大声音女款功能按键小手机4G全网通正品直板移动电信诺基亚老人机,99,广东 深圳,182人收货
现货Apple/苹果 iPhone 11 Pro Max 新款苹果11旗舰国行手机12 13,4999,江苏 南京,182人收货
24期分期当天发省600Huawei/华为 Mate 30 手机Mate30官方旗舰店正品p30pro新款20 x全网通5g直降价P30荣耀rs,3999,山东 济南,182人收货
6期免息优惠850元当天发Huawei/华为 mate 30手机官方旗舰店正品mate30pro新款5g版荣耀p30pro直降20全网通x,3999,广东 深圳,182人收货
Nokia/诺基亚全网通老人机联通4G老年机超长待机移动电信老人手机,98,广东 深圳,182人收货
下单减100】新品vivo U3X手机 vivou3x千元机手机官网vivou1限量版vivoy93 y3 y7s vivox27 vivoz5x vivo手机,799,北京,182人收货
【购机赠耳机】OPPO A11x 4800万超清四摄大内存长续航全面屏手机,1799,广东 东莞,182人收货
【新品】Philips/飞利浦 E151Y电信版老年手机超长待机天翼直板电信老人机天翼CDMA按键学生备用功能机正品,168,江苏 南京,181人收货
【联系客服有惊喜】HUAWEI HUAWEI Mate 30 Pro 5G华为手机官方,3468,上海,181人收货
DOOV/朵唯X11 Pro学生价游戏智能手机全面屏全网通4G千元官方旗舰安卓曲面正品送适用于oppo小米vivo华为耳机,699,广东 深圳,181人收货
官方现货直降Xiaomi/小米 Redmi K20 Pro红米手机K30魔王旗舰CC9e,1278,广东 深圳,181人收货
美迪老年机大声音大字超长待机移动4G全网通电信老人机大听筒手机,138,江苏 徐州,181人收货
天语HD1分期免息正品水滴屏全网通学生价4G游戏安卓八核智能手机128g全面屏老人大字大屏老年电信老年人大声,499,广东 深圳,181人收货
天语HD1分期免息正品水滴屏全网通学生价4G游戏安卓八核智能手机128g全面屏老人大字大屏老年电信老年人大声,499,广东 深圳,181人收货
Sony/索尼 Xperia XZ Premium 港版XZP G8142镜面4K手机,1180,广东 深圳,180人收货
分期免息Apple/苹果iPhone XR双卡苹果xs maxiPhonexsmax国行手机,3648,江苏 南京,180人收货
Apple/苹.果6s plus国行苹.果6sp 苹.果6s手机7代7plus全新4G正品,980,广东 深圳,180人收货
Huawei/华为 P20 Pro全网通64g徕卡三摄6G运行全面屏手机正品128g,1448,上海,180人收货
直降100新品现货发顺丰】Huawei/华为 nova 5z手机华为官网官方旗舰店nova5ipromax正品p30pro降价mate30手机,1499,安徽 合肥,180人收货
亏本冲量】HUAWEI 华为畅享10 plus 官方正品旗舰新手机畅想9plus,949,广东 深圳,180人收货
Meizu/魅族 魅蓝note5双卡大屏全网通4g智能手机note6/3魅蓝3/5机,195,广东 深圳,180人收货
ZTG/中天语A9卡片手机超薄小型高中迷你儿童学生戒网电信版非智能,58,广东 深圳,179人收货
BlackBerry/黑莓8520 正品学生手机可爱戒网瘾全键盘备用机送贴纸,98.69,广东 深圳,178人收货
【3期免息】一加7tPro迈凯伦定制手机全新正品OnePlus 骁龙855plus 一加7t 一加7手机官方旗舰 一加7pro,5299,广东 深圳,178人收货
花呗分期Apple/苹.果6s plus国行正品苹.果6s手机6sp全新三网通4g,820,广东 深圳,178人收货
【全网通4G】皓轩双屏接听翻盖老年人手机超长待机声音大老人机超薄移动联通电信版正品学生诺基亚按键小手机,98,广东 深圳,178人收货
【香港直邮】Samsung/三星 Galaxy Note10 SM-N9700港韩美版手机,3898,上海,178人收货
分期Apple/lPhone6s plus 国行6s全新苹.果6s正品6sp手机全网通4g,1048.95,广东 深圳,178人收货
到手价979起+选无线耳机Xiaomi小米 小米Max3手机官方旗舰店8se官网max2红米note8pro青春版play cc9e 7 max3,979,上海,177人收货
官网直降OnePlus/一加7pro手机官方旗舰一加手机7t1+7pro 1加7pro,2169,广东 深圳,177人收货
【折叠屏现货】Samsung/三星 Galaxy Fold 折叠屏手机 韩版5G手机,10999,北京,177人收货
vivo Z5现货手机新品上市原装正品官网全新vivoz5x X27 iqooneo,1188,湖北 武汉,177人收货
【免息当天发直降880】HUAWEI nova 5 Pro华为4e官方Nova5手机6se,1358,广东 深圳,177人收货
Huawei/华为 Mate 9 全网通4G 官方正品全新智能手机降价 mate9,868,上海,177人收货
Apple/苹果 iPhone XS Max iPhone xs max  苹果手机国行美版港版,3650,湖北 武汉,177人收货
官方Xiaomi/小米 小米9 pro5G网旗舰手机mix4正新品9plus小米9pro,3398,广东 深圳,177人收货
分期免息全网通4G智能机大屏幕安卓便宜学生价手机水滴屏儿童拍照全面屏电竞游戏刘海曲面屏老人老年大字大声,398,广东 深圳,176人收货
诺基亚老年人手机超长待机华为老人大屏全网通电信联通4G大声大字,106,广东 广州,176人收货
Apple/苹果 iPhone X国行iphonex无锁xs苹果xs Max美版x 256G手机,3450,北京,176人收货
Samsung/三星 GALAXY S9+ 港版美版 国行原封 S9全网通4G曲屏手机,1780,广东 深圳,176人收货
【1月1日前50名加赠AKG蓝牙耳机】Samsung/三星 Galaxy Fold SM-F9000折叠屏手机 12+512GB 骁龙855六摄像头,15999,北京,176人收货
移动联通电信版4G全网通老人机大字大声按键老年手机Newmind v13,99,江苏 盐城,176人收货
纽曼 Q99+正品非智能超小手机卡片手机电信移动超薄袖珍直板按键儿童学生戒网男女备用手机网红个性迷你可爱,63,广东 深圳,176人收货
新Nokia/诺基亚210 直板按键双卡双待移动2G学生商务备用机老人手机 诺基亚105 升级版 官方正品,249,江苏 南京,176人收货
LG V30 全网通4G HiFi音乐芯片 全面屏 游戏手机,389,广东 深圳,176人收货
【赠蓝牙耳机 12期免息】vivo S5新品蔡徐坤代言智能美颜拍照手机官方旗舰正品s5蔡徐坤礼盒 vivos5 s1 X27,2698,江苏 南京,176人收货
华为Mate30 旗舰麒麟990HUAWEI HUAWEI Mate 30 Pro5G手机990全新,3099,广东 深圳,175人收货
当天发 送豪礼华为honor/荣耀 荣耀9全网通标配4G手机128g高配版,699,上海,175人收货
64G版639起魅族s6现货[送保修3年]Meizu/魅族 魅蓝 S6 全面屏手机官方旗舰店16th/16spro/x8/v8 魅族s6,629,山东 济南,175人收货
Xiaomi/小米 小米4c全网通高配版移动联通电信4G智能手机,218,广东 深圳,175人收货
移动老人机超长待机军工三防全网通电信老年人手机新路虎时代K988,59.9,广东 深圳,175人收货
分期免息Apple/苹.果 i.Phone SE 全新5se国行正品三网通4G手机,800,广东 深圳,175人收货
领券低至10?9起+送手环xiaomi/小米8 青春版手机官方旗舰店9红米note8pro官网米9se分期免息小米8青春版,1029,广东 深圳,175人收货
顺丰速发多重好礼 Huawei/华为 nova 3手机官方旗舰店正品全面屏全网通4G智能手机高清四摄美颜自拍游戏手机,1499,广东 深圳,175人收货
VDVD正品超薄水滴全面屏安卓大屏全网通4G智能手机电信学生价游戏,298,广东 深圳,175人收货
新品nubia/努比亚Z20双面屏骁龙855+官方旗舰z20拍照手机红魔3代X,2128,广东 深圳,175人收货
三星移动电信版4g卡老人机直板按键老年人款小手机儿童学生功能机,63.9,广东 深圳,174人收货
【3期免息+送无线充】xiaomi/小米9手机plus官方旗舰店骁龙855米九红米K20pro note8新手机cc9pro全网通5G,2369,广东 深圳,174人收货
【超长待机】OPPO A5全面屏AI双摄全网通oppoa5 A3 A1 A7XA9手机,638,北京,174人收货
立省500 vivo Z5官方正品手机 新品vivoz5 vivoz5x限量版 vivoz3 z5s z3x z4 z3i z1 高配版 bbk 官网旗舰店,1398,广东 东莞,174人收货
【领券减310元】华为honor荣耀20手机现货直降官方旗舰店v20pro系列20s正品8x爆款9x降价magic2新品3麒麟980,2299,上海,174人收货
花呗vivoX9 手机全网通4G大屏 X9S双卡 指纹手机 x20人脸智能手机,599,广东 深圳,174人收货
Nokia/诺基亚 6300直板经典老人手机大声大字功能按键学生老年机,75,广东 深圳,174人收货
谷歌/Google Pixel 2XL2代电信 三网 安卓手机全新现货  终身质保,449,广东 深圳,174人收货
领券咨询减50/15选1礼 Xiaomi/小米 红米note8 4800万主摄拍照游戏手机redmi红米note8pro 官方旗舰店正品,999,浙江 杭州,174人收货
OPPO R11拍照全网通4g智能R9S八核oppor11s全面屏 R11plus手机R15,699,广东 东莞,173人收货
送4件壕礼/24期分期/HUAWEI 华为畅享10plus 中移动手机正品官方旗舰店 9 plus 直降 9 10 9X max 10s,998,浙江 杭州,173人收货
【天翼电信旗舰店】创星/C1电信老人机超长待机大屏大声大字非智能老年手机备用机直板按键女学生版老人手机,78,江苏 南京,173人收货
分期免息Apple/苹果 iPhone XS Max 苹果xsmax有锁iphonexs手机XR,3188,上海,173人收货
【6期免息 赠手机保护壳】华为旗下HONOR/荣耀20 PRO 新品变焦全焦段AI四摄全面屏手机官方旗舰店荣耀HONOR,2699,广东 深圳,172人收货
至高省400 新品vivo Z5X手机vivoz5x限量版vivoz5x vivoz3 u3x x27 正品最新款Z5 vivo手机官网官方旗舰店,1298,广东 深圳,172人收货
OnePlus/一加 HD1900手机1+7tOnePlus/一加7Tpro一加七8 6t 1加7t,2088,上海,172人收货
12期分期现货直降300】Huawei/华为畅享 9 PLUS 官网官方旗舰店正品手机荣耀9x畅想10 plus/mate30/nova5/p30,849,广东 深圳,171人收货
[4G全网通]创星C2老人机大屏大字大声音移动电信版正品直板按键女款学生可爱小手机超长待机诺基亚老年手机,59,广东 深圳,171人收货
畅享10当天发【直降510】HUAWEI 华为畅享10官方正品手机10plus,798,广东 深圳,171人收货
vivo X9S全网通Y66原装正品y67指纹解锁x9s老人智能vivox20手机x9,868,浙江 杭州,171人收货
Nokia/诺基亚5000超长待机直板移动联通老年按键学生戒网老人手机,88,广东 广州,170人收货
Huawei/华为 nova 青春版全网通4G全新学生美颜畅享7老人手机,458,广东 深圳,170人收货
直降400元24期分期 Huawei/华为nova5i官方旗舰店正品nova5手机p30降价荣耀20i新品P20/pro官网Mate30Pro 5g,1799,上海,170人收货
三星直板老人机小学生专用款移动联通工厂保密按键老年手机,64.9,广东 深圳,170人收货
现货Huawei/华为 P20 Pro 直降全面屏全网通4G手机华为官方旗舰店华为p20pro手机mate20pro p30 MATE305G手机,2099,广东 深圳,170人收货
免息 华为nova6【直降510】HUAWEI nova6 5G手机官方正品5pro z新,2668,广东 深圳,170人收货
立减50元 vivo U3X 全面屏手机 vivou3x手机 u3x vivoy7s y93 z3 y3 u1 x27 y97 iqoopro nex3 5g vivo手机,799,山东 济南,170人收货
【最高省300元 6期免息】小米CC9Pro 1亿像素手机五摄四闪双光学防抖拍照小米官方旗舰店xiaomi,2599,北京,170人收货
Philips/飞利浦 E259S 翻盖老人机大字大声大屏超长待机老年手机移动双卡双待按键学生备用机飞利浦手机,288,江苏 南京,170人收货
国行现货Apple/苹果 iPhone 11国行双卡全网通苹果11手机iphone11,4860,浙江 杭州,170人收货
【现货分期】Apple/苹果 iPhone 8 Plus 苹果8plus 苹果8代4G手机,2150,广东 深圳,170人收货
闪降300元+咨询再减100元xiaomi/小米CC9Pro手机1亿像素 尊享版小米手机官方旗舰店官网红米K20pro曲屏CC9pro,2599,山东 济南,169人收货
【百亿补贴】直降+立减4?起 送壳膜好礼 Xiaomi/小米Redmi7A老人手机K20红米旗舰cc官方note正品pro85G网9xse,448,山东 济南,169人收货
OPPO A57全网通4G智能手机指纹解锁双卡时尚拍照音乐老人学生新款,448,广东 深圳,169人收货
Apple 苹果 iPhone 11 公开版 全网通 4G智能手机 苹果11元旦,5183,四川 成都,169人收货
【12+256G版套餐一赠耳机】OPPO Reno Ace骁龙855plus智能游戏手机90Hz屏65W闪充官方旗舰店renoace,3599,江苏 南京,168人收货
路虎军工老人大容量电池三防智能手机超长待机全网通4G大声音防水,199,广东 深圳,168人收货
Nokia/诺基亚 1280户外手电筒老款怀旧儿童小巧非智能老人手机,78,广东 深圳,168人收货
Xiaomi/小米 小米9骁龙855全面屏透明尊享索尼4800万拍照游戏手机,1768,广东 惠州,168人收货
【12期免息】Apple/苹果iPhone 11 Pro 2019新款苹果11新品iphone11 iPhone11pro 智能拍照手机,8699,浙江 杭州,168人收货
vivo X23手机正品幻彩版vivoX23 X21A全网通水滴屏4G限量版新款27,1999,广东 深圳,168人收货
Philips/飞利浦 E186A老年手机学生手机大屏大字大声老人手机超长待机正品,150,广东 深圳,168人收货
3068元起【优惠1931】Huawei/华为 Mate 20 X 华为mate20x手机p20官方旗舰店mate30pro正品5g全网通直降nova5,3098,山东 济南,168人收货
正品降价HUAWEI HUAWEI Mate 30 Pro 5G保时捷旗舰Nova手机华为20,3399,广东 深圳,168人收货
Huawei/华为 P10 Plus4G全网通 智能p20 双卡双待 原封正品手机,794,广东 广州,168人收货
诺基亚1050超长待机老人机带手电筒儿童学生备用机部队保密小手机,63,广东 深圳,168人收货
6.5寸宏族P30超薄全网通4G手机水滴刘海屏游戏智能安卓学生价指纹,138,广东 深圳,167人收货
DOOV/朵唯V31老年智能手机大字大声大屏老人机超长待机安卓超薄官方旗舰正品4g送适用于oppo小米vivo华为耳机,199,广东 深圳,167人收货
至高省400 vivo Z5全新正品手机vivoz5限量版vivoz5x x27 z3 z3x y93 x23幻彩版vivo手机官网官方旗舰店,1398,广东 深圳,167人收货
【花呗分期现货】Huawei/华为 mate9全网通 mate 9高配智能4G手机,860,广东 深圳,167人收货
【4+64G到手699元起】Xiaomi/小米 红米7手机 官方旗舰店redmi7A 官网正品note5新6pro学生机红米note8老人机,499,山东 济南,167人收货
【限时减100元】vivo Z5X手机 vivoz5x手机官方旗舰 Z5X限量版 新品vivoz5x z3 z3x iqoo neo y9s z5x z5,1298,广东 深圳,167人收货
分期OPPO R11S 全面屏R15X全网通R11Plus新年红OPPOR11手机R9S,789,广东 深圳,167人收货
Nokia/诺基亚 X6全网通4G全面屏超长待机新品现货智能手机移动联通电信官方旗舰店正品全新,998,广东 深圳,167人收货
【购机送无线充电器】 苹果11 Apple/iPhone 11苹果手机中移动2019新款全网通智能手机苹果xr xsmax 7plus,5258,浙江 杭州,167人收货
Motorola/摩托罗拉 V3c备用翻盖老人学生手机 移动 联通 电信手机,104.98,广东 深圳,167人收货
华为honor/荣耀 畅玩6X 畅玩7X全网通移动联通4G智能手机指纹解锁,410,广东 广州,167人收货
荣耀v20降价honor/荣耀 荣耀V20智能全网通拍照华为手机官方正品,1688,广东 深圳,167人收货
【24期分期】Huawei/华为 nova 5 Pro手机正品华为官方旗舰店直降P30pro新款华为手机mate30pro5g nova6pro5g,2499,北京,167人收货
Nokia/诺基亚5230XM直板5233老年触摸屏手写学生智能备用老人手机,65,广东 深圳,167人收货
vivo X20手机全面屏vivoX9S原装正品全网通4Gvivox20PLUS双卡双待,680,广东 深圳,167人收货
【立减460元】华为honor/荣耀 荣耀V30 PRO5G手机v30荣耀5g版v20,3028,广东 深圳,166人收货
6+128G到手1199起+选智能手环xiaomi/小米 红米note8手机redmi note8pro官方旗舰店正品8青春版官网9se新品,949,广东 深圳,166人收货
vivo X23幻彩版水滴屏手机新款限量版vivox23手机全新vivox27,1749,广东 东莞,166人收货
【咨询减500+分期免息】xiaomi/小米CC9e手机 全面屏自拍学生全网通手机官方旗舰店CC9美图降价note8pro k30,999,北京,166人收货
现货当天发 realme X青春版realmex手机 旗舰opporealmeQ青春版x,828,广东 深圳,166人收货
【5G当天发/送10W无线充】华为HONOR荣耀V30 Pro系列手机5G双模手机官方旗舰店v30pro5g正品官网magic3直降价,3899,广东 深圳,166人收货
6期免息 立减430！坚果PRO3【送原装耳机+碎屏险】SMARTISAN/锤子 坚果手机官方旗舰店 全网通坚果R1 Pro2s,2599,广东 深圳,166人收货
四色现货Meizu/魅族 魅族16s Pro旗舰魅族16spro手机16pro魅族16s,2699,河南 郑州,166人收货
纽曼R15C学生手机移动电信非智能迷你卡片超薄小屏幕戒网按键备用机特小平价网红手机正品可爱儿童电话小手机,138,广东 深圳,165人收货
分期免息Apple/苹.果 i.Phone SE 全新5se国行5s正品三网通4G手机,780,广东 深圳,165人收货
立减100】 vivo Z5手机限量版官方正品 vivoz5x  y7s x27  z5vivo手机屏幕指纹手机旗舰店官网新款,1598,北京,165人收货
魅族x8【免息送手环/充电宝】Meizu魅蓝官方旗舰骁龙710手机v816x,849,河南 郑州,165人收货
Apple/苹.果 i.Phone SE苹.果5se手机全网通4S移动联通电信5S三网,199,广东 东莞,165人收货
Letv/乐视 乐1S 乐2 X620 X520 Pro2 Max2 全网通4G指纹手机,165,广东 深圳,165人收货
直降 华为honor/荣耀 荣耀20i旗舰新品手机荣耀20s官方正品8xpro,669,广东 深圳,165人收货
Apple/苹果 iPhone 11 苹果11 新款手机pro 国行 港版 美版 有锁,3540,广东 深圳,165人收货
领券低至959元起+选运动手环】Xiaomi/小米 小米max3大屏幕大电池平板手机官方旗舰店官网正品MAX3全网通max2,969,广东 深圳,164人收货
2758元起/现货速发 苹果7plus Apple/苹果 iPhone 7 Plus 全网通官网官方旗舰店4G手机苹果6s 6P 8 p xr x 7P,2758,山东 济南,164人收货
优思翻盖老年手机老人机女款男移动电信4G版大屏大字大声超长待机智能军工正品可爱按键学生备用功能机翻盖式,118,广东 深圳,164人收货
原封未激活Apple/苹果 iPhone 11 Pro Max国行美版新款苹果11手机,3638,广东 深圳,164人收货
Philips/飞利浦E219正品 老人手机翻盖机超长待机大字大声大屏双卡双待老年机学生价便宜按键机老年机,289,广东 深圳,164人收货
【128G低至1378元起】华为honor/荣耀 荣耀NOTE10全网通手机10官方旗舰店正品v10/paly麒麟970/note10现货,1299,广东 深圳,164人收货
【4G全网通】皓轩 H2 老人机超长待机三防军工直板老年手机大屏大字大音量移动电信版老人手机学生按键小手机,39,广东 深圳,164人收货
Xiaomi/小米 Redmi Note 8官方旗舰红米note8Pro新手机红米7pro 9,849,广东 深圳,164人收货
【6期免息 】 Huawei/华为 nova 5 Pro手机官方旗舰店直降nova5i/5g降价mate30正品p30pro/mate20x,2399,广东 深圳,164人收货
4G全网通老人机超长待机微信版移动联通电信大屏WIFI热点老年手机,115,广东 深圳,164人收货
纽曼 M560C老人机超长待机移动老年手机正品女按键直板老年机小手机大屏大字大声音诺基亚功能机电信老人手机,79,广东 深圳,163人收货
Apple/苹果iPhone 8手机iPhone8 plus三网通苹果8p全新正品国行8X,1210,广东 深圳,163人收货
Apple/苹果iPhone 8手机iPhone8 plus三网通苹果8p全新正品国行8X,1210,广东 深圳,163人收货
【4G全网通】小辣椒G105正品老人机超长待机直板女款大屏大字大声移动电信版老年手机联通学生功能按键小手机,79,广东 深圳,163人收货
128G低至1828起 选送手环/音箱等】Xiaomi/小米8手机八透明现货正品官方旗舰店骁龙845探索小米8屏幕指纹版8,1828,广东 深圳,163人收货
【现货当天发】华为荣耀畅玩8A 手机官方旗舰店官网正品全网通8a系列8X手机10青春官网老年机20i荣耀play3,569,北京,162人收货
老人机联通4G诺基亚超长待机大字大声音移动全网通老年人手机正品,138,广东 深圳,162人收货
优惠520元【6期免息/送果汁机手环】华为HONOR 荣耀20S手机官方旗舰店正品20i降价8x新20se青春版10新李现,1599,广东 深圳,162人收货
【分期免息】Apple/苹果 iPhone X 全新8国行4G全网通iPhonex手机,2300,广东 深圳,162人收货
当天发直降500华为HUAWEI HUAWEI P30 PRO曲面屏旗舰手机P30现货,2800,北京,162人收货
【直降500 享12期免息】vivo NEX 3高通骁龙855Plus处理器游戏屏幕指纹手机旗舰vivonex3 vivonex nex3限量版,4498,广东 东莞,162人收货
Apple/苹.果i.Phone6原装正品苹.果6 4.7寸备用手机移动4G全网通S,199,广东 深圳,161人收货
索尼/SONY Xperia XZ日版so-01J 智能安卓学生价移动联通双4G手机,190,广东 深圳,161人收货
Xiaomi/小米 Max 2大屏大电量全网通4G双卡指纹安卓max2手机,676,广东 深圳,161人收货
OPPO A57全网通4G智能手机指纹识别双卡拍照学生老人超薄新款正品,330,广东 深圳,161人收货
Meizu/魅族 魅蓝note6全网通4G双卡note5/3指纹快充魅蓝E2/5S手机,280,广东 深圳,161人收货
5G新品当天发24期分期Huawei/华为nova 6 5G/4G官方旗舰店正品华为nova6手机全网通p30直降mate30新款荣耀pro,3199,广东 深圳,161人收货
Huawei/华为 P20 Pro全面屏徕卡三摄全网通6g运行正品手机降价P20,1538,广东 深圳,161人收货
【亏本冲量】Xiaomi/小米 Redmi K20 骁龙855红米k20pro新手机k30,1369,广东 深圳,160人收货
Samsung/三星GALAXY S8+plus国行港版美版s8全网通曲面屏智能手机,1450,广东 深圳,160人收货
官方【亏本冲量】华为honor/荣耀 荣耀9x pro新手机正品8X荣耀P30,899,上海,160人收货
honor/荣耀 荣耀9i 全网通4G华为智能手机全面屏8X 9X 10青春版v9,768,上海,160人收货
新品Xiaomi/小米9Pro 5g版官方旗舰骁龙855plus全面屏手机mix4pro,3268,上海,160人收货
honor/荣耀 荣耀9x直降1100华为9xpro8x荣耀 5g新款版学生价手机,499,福建 福州,160人收货
12期免息 新品vivo S5手机新款上市 vivos5 vivox27 s5pro vivos1 s1pro vivox21 x23 5g vovi旗舰店官网bbk,2698,浙江 杭州,160人收货
华为p30 pro手机官方正品HUAWEI HUAWEI P30 PRO旗舰直降价mate20,2648,四川 成都,160人收货
【新品】守护宝上海中兴L105移动联通2G直板按键老人手机双卡双待老人机超长待机老年手机学生备用老年功能机,89,江苏 南京,160人收货
honor/荣耀 荣耀8青春版全网通智能学生10级美颜拍照老人华为手机,499,广东 惠州,160人收货
Apple/苹果 iPhone 11 新款iphone11pro Max 苹果11有锁美版手机,3478,广东 深圳,160人收货
honor/荣耀 荣耀V10全网通全面屏4G全新正品华为荣耀V10手机6+64,800,广东 深圳,159人收货
纽曼 F6老年机翻盖手机大屏大字大声移动联通4G全网通老人手机超长待机正品男女款电信版老年手机学生老人机,109,北京,159人收货
【送碎屏保】Xiaomi/小米 Redmi 8 红米8手机官方旗舰新品红米8a,499,广东 深圳,159人收货
纽曼 W560儿童小手机正品按键直板小学生专用非智能手机移动电信版迷你卡通可爱女款备用戒网瘾中老年人手机,98,广东 深圳,159人收货
OPPO R9全网通4G智能5.5屏手机正品指纹解锁双卡双待oppor9S手机,548,广东 深圳,159人收货
【现货速发 】一加 OnePlus 7T 90Hz流体屏 骁龙855Plus旗舰 4800万超广角三摄 全面游戏手机不支持5G,3199,广东 深圳,159人收货
移动电信迷你儿童手机小学生可爱卡通直板袖珍定位手机联通4g女孩,95,广东 深圳,159人收货
翻盖老人手机移动联通老年机超长待机大声大字女款电信版学生手机,99,广东 广州,159人收货
Nokia/诺基亚 E63直板经典怀旧全键盘按键小学生戒网备用功能手机,85,广东 深圳,159人收货
原装正品纽曼F518老年手机翻盖移动电信版男士女款老人机大声音大屏大字大按键超长待机,139,广东 深圳,159人收货
魅族16X【免息直降1200]Meizu/魅族 16 x魅族16手机魅族x8骁龙710,988,河南 郑州,159人收货
Nokia/诺基亚 230DS翻盖老人手机移动4G老年机大屏男女款超长待机,188,广东 深圳,159人收货
Xiaomi/小米 红米Note4X智能双卡4A 5A手机全网通4G正品学生老人,209,广东 深圳,159人收货
新品vivo U3x千元学生价智能手机官网 vivou3x u3 u1 y93 y97 y85 z5x z3 voviu1官方旗舰店bbk,799,上海,159人收货
纽曼 V1老人机老年手机超长待机正品超薄直板按键大屏大字大声移动电信版老人手机功能女学生天翼备用小手机,58,广东 深圳,159人收货
索爱 Z5S超薄翻盖老人机大字体大声中老年商务男女款老人手机超长待机触摸手写双屏定位按键功能正品老年手机,239,广东 深圳,158人收货
花呗分期Apple/苹.果6s plus国行正品苹.果6s手机6sp全新三网通4g,950,广东 深圳,158人收货
